Carimbo de data/hora,Nome do docente,Anos de vigência da captação [2021],Anos de vigência da captação [2022],Anos de vigência da captação [2023],Anos de vigência da captação [2024],Anos de vigência da captação [2025],Anos de vigência da captação [2026],Anos de vigência da captação [2027],Anos de vigência da captação [2028],Anos de vigência da captação [2029],Anos de vigência da captação [2030],Anos de vigência da captação [2031],"Título do projeto, auxílio, bolsa ou captação",Tipo de captação,Situação da captação,Agência ou fonte de fomento,Nome do edital ou chamada,Número do edital ou chamada,Ano do edital,Valor total aprovado,Valor aprovado para capital,Valor aprovado para consumo/custeio,Valor aprovado para bolsas,"Caso a captação envolva bolsa, informe a destinação",Quantidade de bolsas,Duração total das bolsas em meses,Valor total destinado às bolsas,Número de alunos de mestrado vinculados,Número de alunos de doutorado vinculados
13/06/2026 12:23:38,André dos Santos Costa,,Sim,Sim,,,,,,,,,Pense e Brinque App,"Projeto de extensão, Projeto de inovação/tecnologia, Bolsa, Auxílio individual",Concluída,FACEPE,PET segunda rodada 2022,22,2022,"R$ 24.600,00","R$ 0,00","R$ 0,00","R$ 24.600,00",Outra,11,3,24600.00,3,1
13/06/2026 12:33:38,André dos Santos Costa,,,,,Sim,Sim,,,,,,Efeitos da Pré-exaustão Versus Treinamento de Resistência Tradicional na hipertrofia de quadríceps em mulheres,"Projeto de pesquisa, Bolsa",Em execução,FACEPE,Edital FACEPE Programa Institucional de bolsas de Iniciação Científica,n. 01 ,2025,"R$ 9.600,00","R$ 0,00","R$ 0,00","R$ 9.600,00",Iniciação científica,1,12,9600.00,1,0
13/06/2026 13:04:42,André dos Santos Costa,,,,,Sim,,,,,,,EFEITO DA SUPLEMENTAÇÃO DE NITRATO DE SÓDIO NAS FUNÇÕES EXECUTIVAS DURANTE ESTIMULOS COGNITIVOS E EXERCÍCIO INTERMITENTE DE ALTA INTENSIDADE: Um Ensaio Clínico Crossover Randomizado Duplo-cego.,"Projeto de pesquisa, Bolsa",Em execução,FACEPE,Programa Institucional de BIC,01,2025,"R$ 9.600,00","R$ 0,00","R$ 0,00","R$ 9.600,00",Iniciação científica,1,12,9600.00,0,0
13/06/2026 13:07:19,André dos Santos Costa,,,,Sim,,,,,,,,EFEITO DA SUPLEMENTAÇÃO DE NITRATO DE SÓDIO NAS FUNÇÕES EXECUTIVAS DURANTE ESTIMULOS COGNITIVOS E EXERCÍCIO INTERMITENTE DE ALTA INTENSIDADE: Um Ensaio Clínico Crossover Randomizado Duplo-cego.,Bolsa,Concluída,FACEPE,Programa Institucional de BIC ,03,2024,"R$ 9.600,00","R$ 0,00","R$ 0,00","R$ 9.600,00",Iniciação científica,1,12,9600.00,1,0
13/06/2026 13:10:09,André dos Santos Costa,,,,Sim,,,,,,,,PENSE & BRINQUE APP: avaliação da usabilidade e eficácia para o desenvolvimento defunções cognitivas em crianças e adolescentes.,Bolsa,Concluída,FACEPE,Programa Institucional de BIC,03,2024,"R$ 9.600,00","R$ 0,00","R$ 0,00","R$ 9.600,00",Iniciação científica,1,12,9600.00,1,0
13/06/2026 13:14:44,André dos Santos Costa,,,Sim,Sim,,,,,,,,PENSE & BRINQUE APP: avaliação da usabilidade e eficácia para o desenvolvimento de funções cognitivas em crianças e adolescentes.,Bolsa,Concluída,FACEPE,Programa Institucional de BIC,01,2023,"R$ 6.000,00","R$ 0,00","R$ 0,00","R$ 6.000,00",Iniciação científica,1,12,6000.00,1,0
13/06/2026 13:17:47,André dos Santos Costa,,,Sim,Sim,,,,,,,,"Consumo de nitrato, risco nutricional, força muscular e cognição em pacientes oncológicos em tratamento quimioterápico: um estudo de coorte prospectivo.",Bolsa,Concluída,FACEPE,Programa Institucional de BIC,01,2023,"R$ 6.000,00","R$ 0,00","R$ 0,00","R$ 6.000,00",Iniciação científica,1,12,6000.00,2,0
13/06/2026 13:20:15,André dos Santos Costa,,Sim,Sim,,,,,,,,,"Consumo de nitrato, risco nutricional, força muscular e cognição em pacientes oncológicos em tratamento quimioterápico: um estudo de coorte prospectivo.",Bolsa,Concluída,FACEPE,Programa Institucional de BIC,05,2022,"R$ 6.000,00","R$ 0,00","R$ 0,00","R$ 6.000,00",Iniciação científica,1,12,6000.00,2,0
13/06/2026 13:34:03,André dos Santos Costa,,,Sim,Sim,,,,,,,,Estímulo à Inovação no âmbito das práticas de ensino na Graduação,Projeto de inovação/tecnologia,Concluída,Outra,PROGRAD - Estímulo à inovação no âmbito das práticas de ensino na graduação,18,2023,"R$ 11.270,44","R$ 10.777,44","R$ 493,00","R$ 0,00",Não se aplica,0,0,0,0,0
11/06/2026 22:06:49,Bruno Teixeira Barbosa,,,,Sim,,,,,,,,Efeitos da privação parcial do sono no desempenho percepto-cognitivo ao longo do dia de profissionais de saúde do Hospital das Clínicas/UFPE,Projeto de pesquisa,Em execução,FACEPE,APQ Universal,Edital n. 18/2024,2024,"R$ 74.212,00","R$ 55.780,00","R$ 10.032,00","R$ 8.400,00",Apoio técnico,1,8,8.000,1,0
11/06/2026 22:10:46,Bruno Teixeira Barbosa,,,,,,Sim,,,,,,Efeitos da privação parcial do sono sobre o desempenho percepto-cognitivo ao longo do dia: uma análise da atenção sustentada em profissionais de saúde,Projeto de pesquisa,Aprovada,PROPESQI/UFPE,Edital Institucional de Apoio a Jovens Pesquisadores,Edital Propesqi nº 03/2026,2026,"R$ 10.000,00","R$ 10.000,00","R$ 0,00","R$ 0,00",Não se aplica,0,0,0,1,0
11/06/2026 22:15:53,Bruno Teixeira Barbosa,,,,,Sim,,,,,,,Desenvolvimento e reprodutibilidade de teste-reteste de um método de avaliação visuomotora específica do futsal: Teste de Acurácia do Passe,Bolsa,Em execução,FACEPE,Programa Institucional de Bolsas de Iniciação Científica,Edital FACEPE n. 01/2025,2025,"R$ 9.600,00","R$ 0,00","R$ 0,00","R$ 9.600,00",Iniciação científica,1,12,9.600,0,0
11/06/2026 23:35:20,Bruno Teixeira Barbosa,,,,Sim,,,,,,,,Efeitos da privação parcial do sono no desempenho percepto-cognitivo ao teste visuomotor de defesa em atletas treinados de voleibol,Bolsa,Concluída,PROPESQI/UFPE,"Edital PROPESQI nº 004/2024:PIBIC/UFPE/CNPq, PIBIC-Af/UFPE/CNPq, PIBITI/UFPE/CNPq",Edital PROPESQI nº 004/2024,2024,"R$ 9.600,00","R$ 0,00","R$ 0,00","R$ 9.600,00",Iniciação científica,1,12,9.600,0,0
11/06/2026 23:37:50,Bruno Teixeira Barbosa,,,,Sim,,,,,,,,Desenvolvimento e reprodutibilidade de teste-reteste de um método de avaliação visuomotora específica do futsal: Teste de Acurácia do Passe,Bolsa,Em execução,CNPq,Edital PROPESQI nº 004/2025:PIBIC/UFPE/CNPq,Edital PROPESQI nº 004/2025,2025,"R$ 9.600,00","R$ 0,00","R$ 0,00","R$ 9.600,00",Iniciação científica,1,12,9.600,0,0
11/06/2026 17:00:47,Daniel da Rocha Queiroz,,,,,,Sim,Sim,,,,,Bolsa de mestrado FACEPE 2026.1,Bolsa,Em execução,FACEPE,FACEPE - PROGRAMA DE BOLSAS DE PÓS-GRADUAÇÃO  (1º SEMESTRE/2026) ,EDITAL FACEPE 38/2025,2025,"R$ 57.600,00","R$ 0,00","R$ 0,00","R$ 57.600,00",Mestrado,1,24,57600.00,1,0
11/06/2026 17:09:05,Daniel da Rocha Queiroz,,Sim,Sim,,,,,,,,,Bolsa de Iniciação Cientifica - FACEPE ,Bolsa,Concluída,FACEPE,EDITAL FACEPE 05/2022 – PIBIC 2022 ,05/2022,2022,"R$ 6.000,00","R$ 0,00","R$ 0,00","R$ 6.000,00",Iniciação científica,1,12,6000,0,0
11/06/2026 17:20:00,Daniel da Rocha Queiroz,,,,,Sim,Sim,,,,,,INICIAÇÃO CIENTIFICA EDITAL FACEPE Nº 01/2025 ,Bolsa,Em execução,FACEPE,EDITAL FACEPE Nº 01/2025 , 01/2025 ,2025,"R$ 9.600,00","R$ 0,00","R$ 0,00","R$ 9.600,00",Iniciação científica,1,12,9600,0,0
11/06/2026 21:10:08,Daniel da Rocha Queiroz,,,Sim,,,,,,,,,EDITAL PROPESQI Nº 05/2023 -  EDITAL DE APOIO À PRODUÇÃO QUALIFICADA,Auxílio individual,Concluída,PROPESQI/UFPE,EDITAL PROPESQI Nº 05/2023 -  EDITAL DE APOIO À PRODUÇÃO QUALIFICADA,Nº 05/2023,2023,"R$ 3.000,00","R$ 3.000,00","R$ 0,00","R$ 0,00",Não se aplica,0,0,0,0,0
11/06/2026 21:12:55,Daniel da Rocha Queiroz,,,,Sim,Sim,,,,,,,AditivoNº01aoEditalNº18/2023 ChamadaPúblicaInterna-EstímuloàInovaçãonoÂmbitodePráticasdeEnsinonaGraduação,Projeto de inovação/tecnologia,Concluída,Outra,PROGRAD AditivoNº01aoEditalNº18/2023 ChamadaPúblicaInterna-EstímuloàInovaçãonoÂmbitodePráticasdeEnsinonaGraduação,Aditivo Nº01 ao Edital Nº18/2023,2023,"R$ 49.289,97","R$ 46.525,86","R$ 3.158,76","R$ 0,00",Não se aplica,0,0,0,0,0
11/06/2026 21:16:26,Daniel da Rocha Queiroz,,,,,,Sim,,,,,,EDITAL PROPESQI N° 03/2026   EDITAL INSTITUCIONAL DE APOIO A JOVENS PESQUISADORES ,Projeto de pesquisa,Aprovada,PROPESQI/UFPE,EDITAL PROPESQI N° 03/2026   EDITAL INSTITUCIONAL DE APOIO A JOVENS PESQUISADORES ,N° 03/2026 ,2026,"R$ 10.000,00","R$ 0,00","R$ 10.000,00","R$ 0,00",Não se aplica,0,0,0,0,0
15/06/2026 13:20:56,Eduardo Zapaterra Campos,Sim,Sim,,,,,,,,,,Efeitos agudos e crônicos do treinamento intervalado de alta intensidade associado à suplementação de nitrato de sódio sobre parâmetros aeróbios e desempenho de sujeitos fisicamente ativos,Projeto de pesquisa,Concluída,CNPq,UNIVERSAL 2018,Chamada MCTIC/CNPq Nº 28/2018,2021,"R$ 30.000,00","R$ 20.000,00",10000,0,Não se aplica,0,0,0,1,0
15/06/2026 13:23:16,Eduardo Zapaterra Campos,,,Sim,Sim,Sim,Sim,Sim,,,,,Efeito da suplementação de gel de nitrato comercial durante a prova na durabilidade e desempenho de ciclistas,Projeto de pesquisa,Em execução,CNPq,Universal 2023,Chamada CNPq/MCTI Nº 10/2023,2023,"R$ 47.000,00","R$ 12.000,00",37000,0,Não se aplica,0,0,0,1,1
15/06/2026 13:34:55,Eduardo Zapaterra Campos,Sim,Sim,Sim,,,,,,,,," Impacto de uma intervenção com práticas esportivas, criativas e de jogos e brincadeiras, nas capacidades físicas e cognitivas de crianças em alta vulnerabilidade social",Projeto de pesquisa,Concluída,FACEPE,Edital APQ,16/2021,2021,"R$ 47.545,00","R$ 40.000,00",7545,0,Não se aplica,0,0,0,1,0
15/06/2026 13:44:16,Eduardo Zapaterra Campos,,Sim,Sim,,,,,,,,,Caracterização metabólica do frevo e comparação de respostas fisiológicas e psicométricas com protocolo de exercício intervalado convencional,Bolsa,Concluída,FACEPE,PBPG,35,2022,"R$ 48.000,00","R$ 0,00",0,48000,Mestrado,1,24,48000,1,0
15/06/2026 13:51:50,Eduardo Zapaterra Campos,,,,,,Sim,Sim,Sim,,,,"Impacto de uma intervenção com práticas esportivas, criativas e de jogos e brincadeiras, nas capacidades físicas e cognitivas de crianças em alta vulnerabilidade social",Bolsa,Em execução,FACEPE,PBPG,29,2024,"R$ 50.400,00","R$ 0,00",0,50400,Mestrado,1,24,50400,1,0
15/06/2026 09:13:20,Guilherme Assunção Ferreira,Sim,,,,,,,,,,,SUPLEMENTAÇÃO DE CAFEÍNA COMO ESTRATÉGIA PARA REVERTER A QUEDA DE DESEMPENHO COM RESTRIÇÃO DE SONO,Bolsa,Concluída,FACEPE,Edital 01/2021 - PIBIC 2021,,2021,"R$ 6.000,00","R$ 0,00",0,6000,Iniciação científica,1,12,6000,1,0
15/06/2026 09:18:03,Guilherme Assunção Ferreira,,Sim,,,,,,,,,,SUPLEMENTAÇÃO DE CAFEÍNA COMO ESTRATÉGIA PARA REVERTER A QUEDA DE DESEMPENHO COM RESTRIÇÃO DE SONO,Bolsa,Concluída,FACEPE,"Edital 05/2022 - PIBIC 2022,",,2022,"R$ 7.800,00","R$ 0,00",0,7800,Iniciação científica,2,6,7800,2,0
15/06/2026 09:21:42,Guilherme Assunção Ferreira,,,Sim,,,,,,,,,"A manipulação da duração do esforço durante o exercício intervalado de alta intensidade, como estratégia para aumentar o estresse cronotrópico sem aumentar a fatigabilidade do desempenho em indivíduos fisicamente ativos",Bolsa,Concluída,FACEPE,EDITAL: PIBIC 2023 - 01/2023,,2023,"R$ 8.400,00","R$ 0,00",0,8400,Iniciação científica,1,12,8400,1,0
15/06/2026 09:26:47,Guilherme Assunção Ferreira,,,,,Sim,,,,,,,Suplementação de cafeína como estratégia para reverter a queda de desempenho com restrição de sono,Bolsa,Em execução,FACEPE,EDITAL: PIBIC 2025 - 01/2025,,2025,"R$ 9.600,00","R$ 0,00",0,9600,Iniciação científica,1,12,9600,0,0
15/06/2026 09:33:06,Guilherme Assunção Ferreira,Sim,Sim,Sim,,,,,,,,,Suplementação de cafeína como estratégia para reverter a queda de desempenho com restrição de sono,Projeto de pesquisa,Concluída,FACEPE,Fluxo contínuo - PROCESSO Nº BFP-0131-4.05/21,PROCESSO Nº BFP-0131-4.05/21,2021,"R$ 105.600,00","R$ 0,00",0,105600,Outra,1,24,105600,1,0
11/06/2026 16:16:43,Melissa Leandro Celestino,,,,Sim,Sim,Sim,,,,,,"Recreia: Potencializando as capacidades físicas, sociais e educacionais das crianças em situação de vulnerabilidade","Projeto de pesquisa, Projeto de extensão, Infraestrutura",Em execução,FACEPE,Estudos Étnico-Raciais Solano Trindade,  21/2024,2024,"R$ 85.800,00","R$ 58.000,00","R$ 32.800,00","R$ 0,00",Não se aplica,0,0,0,1,0
11/06/2026 16:18:53,Melissa Leandro Celestino,,,,Sim,Sim,Sim,,,,,,Análise biomecânica no paratletismo,"Projeto de pesquisa, Infraestrutura",Em execução,FACEPE,Auxílio a Projetos de Pesquisa - APQ,18/2024,2024,"R$ 75.653,00","R$ 75.653,00","R$ 0,00","R$ 0,00",Não se aplica,0,0,0,1,0
12/06/2026 13:56:57,Paulo Felipe Ribeiro Bandeira,,Sim,,,,,,,,,,"Projeto Soldadinho do Araripe: Efeito de uma intervenção motora na competência motora,cognição e saúde de crianças: Algoritmo de redes complexas",Projeto de pesquisa,Concluída,Outra,FUNCAP," BOLSA DE PRODUTIVIDADE EM PESQUISA, ESTÍMULO À INTERIORIZAÇÃO E INOVAÇÃO TECNOLÓGICA – BPI 04/2022",2022,"R$ 80.700,00","R$ 30.000,00","R$ 6.000,00","R$ 44.700,00",Produtividade em pesquisa,1,24,44700,3,0
12/06/2026 13:59:49,Paulo Felipe Ribeiro Bandeira,,,,Sim,,,,,,,,Avaliação da progressão individual e coletiva da cooperação competência motora e cognitiva em crianças durante e após um programa de intervenção motor,"Projeto de pesquisa, Diárias e Passagens, Bolsa",Em execução,Outra,FUNCAP," BOLSA DE PRODUTIVIDADE EM PESQUISA, ESTÍMULO À INTERIORIZAÇÃO E INOV. TECNOL. - BPI EDITAL nº 11/2024",2024,"R$ 92.400,00","R$ 18.000,00","R$ 12.000,00","R$ 62.400,00",Produtividade em pesquisa,1,24,62400,3,0
12/06/2026 14:03:38,Paulo Felipe Ribeiro Bandeira,,,Sim,,,,,,,,,"CARTOGRAFIA DE REDES: UM NOVO MÉTODO PARA AVALIAR COOPERAÇÃO, DESENVOLVIMENTO MOTOR E COGNITIVO EM CRIANÇAS NAS AULAS DE EDUCAÇÃO FÍSICA","Projeto de pesquisa, Diárias e Passagens, Projeto de inovação/tecnologia, Bolsa",Concluída,Outra,FUNCAP, EDITAL Nº 07/2023 - FUNCAP PRÓ-HUMANIDADES,2023,"R$ 100.000,00","R$ 51.808,00","R$ 19.391,00","R$ 28.800,00",Iniciação tecnológica,1,12,28800,3,
14/06/2026 16:22:42,Paulo Roberto Cavalcanti Carvalho,,Sim,,Sim,,,,,,,,Efeitos de um programa de exercício físico para indivíduos pré e pós cirurgia Bariatrica ,Bolsa,Concluída,FACEPE,Pibic,Pibic,2023,"R$ 8.400,00","R$ 8.400,00","R$ 0,00","R$ 8.400,00",Iniciação científica,2,12,8400,0,0
12/06/2026 08:03:38,Rafael dos Santos Henrique,,,,Sim,Sim,Sim,,,,,,Autocuidado em saúde e combate às doenças crônicas não transmissíveis ,Projeto de pesquisa,Em execução,FACEPE,APQ - Universal - 18/2024,18/2024,2024,"R$ 74.998,00","R$ 55.478,00","R$ 7.520,00","R$ 12.000,00",Apoio técnico,1,12,12000,2,2
12/06/2026 08:08:29,Rafael dos Santos Henrique,,,,Sim,Sim,Sim,Sim,,,,,Autocuidado em saúde e combate às doenças crônicas não transmissíveis,"Projeto de inovação/tecnologia, Bolsa",Em execução,CNPq,Chamada CNPq Nº 04/2023 - Bolsa de Produtividade em Desenvolvimento Tecnológico e Extensão Inovadora - DT,04/2023,2023,"R$ 33.900,00","R$ 0,00","R$ 0,00","R$ 33.900,00",Desenvolvimento tecnológico,1,36,33900,,
14/06/2026 10:11:16,Rafael dos Santos Henrique,,Sim,Sim,Sim,Sim,,,,,,,Vida Saudável em Lagoa do Carro II: Impacto da pandemia sobre indicadores de saúde de crianças e adolescentes,Projeto de pesquisa,Concluída,FACEPE,FACEPE — Programa Estadual de Pesquisa Aplicada ao SUS - 19/2022,19/2022,2022,"R$ 99.934,00","R$ 99.934,00","R$ 0,00","R$ 0,00",Não se aplica,0,0,0,7,1
14/06/2026 13:05:27,Rafael dos Santos Henrique,,,,Sim,Sim,Sim,,,,,,"Rede de Inovação em Saúde, Bem-Estar e Esporte",Projeto de inovação/tecnologia,Em execução,FACEPE,Edital nº 21/2023-FACEPE – Apoio às Redes de Inovação de Pernambuco,21/2023,2023,"R$ 244.140,00","R$ 0,00","R$ 122.240,00","R$ 121.900,00","Iniciação tecnológica, Desenvolvimento tecnológico, Apoio técnico",4,18,121900,3,0
14/06/2026 13:07:23,Rafael dos Santos Henrique,,Sim,,,,,,,,,,G+Health: aplicativo para avaliação de saúde de crianças e adolescentes,Projeto de inovação/tecnologia,Concluída,FACEPE,Programa de Extensão Tecnológica – PET segunda rodada 2022 - 22/2022,22/2022,2022,"R$ 24.600,00","R$ 0,00","R$ 0,00","R$ 24.600,00",Iniciação tecnológica,11,3,24600,0,0
14/06/2026 13:12:32,Rafael dos Santos Henrique,Sim,Sim,,,,,,,,,,Monitoramento e gestão de indicadores de saúde de escolares de Lagoa do Carro-PE,Projeto de inovação/tecnologia,Concluída,FACEPE,Programa de Extensão Tecnológica para Governo - 19/2021,19/2021,2021,"R$ 153.800,00","R$ 0,00","R$ 0,00","R$ 153.800,00","Mestrado, Apoio técnico",10,8,153800,4,2
14/06/2026 13:15:34,Rafael dos Santos Henrique,Sim,Sim,,,,,,,,,,Sistema de avaliação e monitoramento do desempenho motor,"Projeto de inovação/tecnologia, Bolsa",Concluída,FACEPE,Programa de Extensão Tecnológica - 12/2021,12/2021,2021,"R$ 23.800,00","R$ 0,00","R$ 0,00","R$ 23.800,00","Iniciação tecnológica, Apoio técnico",11,3,23800,4,0
14/06/2026 13:17:27,Rafael dos Santos Henrique,Sim,Sim,Sim,,,,,,,,,Vida Saudável em Lagoa do Carro II: Impacto da pandemia sobre indicadores de saúde de crianças e adolescentes,Projeto de pesquisa,Concluída,FACEPE,APQ Jovens Pesquisadores 2021 - 16/2021,16/2021,2021,"R$ 29.900,00","R$ 29.900,00","R$ 0,00","R$ 0,00",Não se aplica,0,0,0,8,2
14/06/2026 13:19:17,Rafael dos Santos Henrique,,Sim,Sim,Sim,,,,,,,,Autocuidado em saúde e combate às doenças crônicas não transmissíveis em escolares em situação de vulnerabilidade social,"Projeto de pesquisa, Projeto de inovação/tecnologia",Concluída,FACEPE,Apoio à Pesquisa para o Enfrentamento de Desigualdades Sociais - 28/2022,28/2022,2022,"R$ 199.987,00","R$ 199.987,00","R$ 0,00","R$ 0,00",Não se aplica,0,0,0,4,2
14/06/2026 13:25:24,Rafael dos Santos Henrique,,,,,Sim,Sim,Sim,Sim,Sim,Sim,,Rede Pernambucana de Pesquisa e Inovação em Neurodiversidade,"Projeto de pesquisa, Diárias e Passagens, Projeto de inovação/tecnologia, Bolsa",Em execução,FACEPE,Edital nº 29/2025 – IPECTI: Neurodiversidade na Infância e Juventude,29/2025,2025,"R$ 4.000.000,00","R$ 680.000,00","R$ 1.184.000,00","R$ 2.136.000,00","Iniciação científica, Iniciação tecnológica, Mestrado, Doutorado, Desenvolvimento tecnológico, Apoio técnico",86,12,2136000,15,15
14/06/2026 13:35:34,Rafael dos Santos Henrique,,,,Sim,Sim,Sim,Sim,Sim,,,,Autocuidado em saúde e desempenho cognitivo em escolares,Bolsa,Em execução,FACEPE,EDITAL FACEPE 14/2023 Programa de Concessão Bolsas de Pós-Graduação (1º sem./2024),14/2023,2023,"R$ 148.800,00","R$ 0,00","R$ 0,00","R$ 148.800,00",Doutorado,1,48,148800,0,1
14/06/2026 13:37:44,Rafael dos Santos Henrique,,,Sim,Sim,Sim,Sim,Sim,,,,,Autocuidado em saúde e fatores de risco cardiometabólico em escolares,Bolsa,Em execução,FACEPE,EDITAL FACEPE 35/2022 Programa de Concessão Bolsas de Pós-Graduação (1º sem./2023),35/2022,2022,"R$ 148.800,00","R$ 0,00","R$ 0,00","R$ 148.800,00",Doutorado,1,48,148800,0,1
14/06/2026 13:41:36,Rafael dos Santos Henrique,,,Sim,Sim,Sim,,,,,,,"Impacto da pandemia por COVID-19 sobre a relação entre atividade física, comportamento sedentário e sono e fatores de risco cardiometabólico em escolares",Bolsa,Concluída,FACEPE,EDITAL FACEPE 35/2022 Programa de Concessão Bolsas de Pós-Graduação (1º sem./2023),35/2022,2022,"R$ 50.400,00","R$ 0,00","R$ 0,00","R$ 50.400,00",Mestrado,1,24,50400,1,0
14/06/2026 13:44:22,Rafael dos Santos Henrique,,,Sim,Sim,Sim,,,,,,,"Efeitos do treinamento intervalado de alta intensidade sobre o desempenho físico, cognitivo e cardiometabólico de escolares ",Bolsa,Concluída,FACEPE,EDITAL FACEPE 35/2022 Programa de Concessão Bolsas de Pós-Graduação (1º sem./2023),35/2022,2022,"R$ 50.400,00","R$ 0,00","R$ 0,00","R$ 50.400,00",Mestrado,1,24,50400,1,0
14/06/2026 13:47:20,Rafael dos Santos Henrique,,,Sim,Sim,Sim,Sim,,,,,,Impacto da pandemia por COVID-19 no desempenho acadêmico e cognitivo de crianças e adolescentes de Lagoa do Carro: análise de fatores associados,Bolsa,Em execução,FACEPE,EDITAL FACEPE 24/2021 Programa de Concessão Bolsas de Pós-Graduação (1º sem./2022),24/2021,2021,"R$ 148.800,00","R$ 0,00","R$ 0,00","R$ 148.800,00",Doutorado,1,48,148800,0,1
14/06/2026 13:49:36,Rafael dos Santos Henrique,Sim,Sim,Sim,,,,,,,,,"Relação entre desempenho motor, obesidade e desempenho acadêmico de crianças e adolescentes: Análise de potenciais mediadores",Bolsa,Concluída,FACEPE,EDITAL FACEPE 07/2021 Programa de Concessão Bolsas de Pós-Graduação (2º sem./2021),07/2021,2021,"R$ 50.400,00","R$ 0,00","R$ 0,00","R$ 50.400,00",Mestrado,1,24,50400,1,0
14/06/2026 13:52:02,Rafael dos Santos Henrique,Sim,Sim,Sim,,,,,,,,,Influência de características individuais e da escola no desempenho motor de crianças e adolescentes: Um estudo multinível com crianças de Lagoa do Carro-PE.,Bolsa,Concluída,FACEPE,EDITAL FACEPE 14/2020 Concessão de Bolsas de Pós-Graduação stricto sensu (1º semestre/2021) ,14/2020,2021,"R$ 50.400,00","R$ 0,00","R$ 0,00","R$ 50.400,00",Mestrado,1,24,50400,1,0
14/06/2026 20:45:10,Rafael dos Santos Henrique,,Sim,Sim,,,,,,,,,Impacto da pandemia em comportamentos integrados das 24 horas de movimento e a sua relação com a cognição de escolares,Bolsa,Concluída,FACEPE,PIBIC 2022 - 05/2022,05/2022,2022,"R$ 6.000,00","R$ 0,00",0,6000,Iniciação científica,1,12,6000,0,0
14/06/2026 20:46:59,Rafael dos Santos Henrique,,,Sim,Sim,,,,,,,,Impacto da pandemia sobre a relação entre comportamento integrado das 24h de movimento e desempenho cognitivo de escolares: o papel mediador da aptidão física,Bolsa,Concluída,FACEPE,PIBIC 2023 - 01/2023,01/2023,2023,"R$ 8.400,00","R$ 0,00",0,8400,Iniciação científica,1,12,8400,0,0
14/06/2026 20:48:16,Rafael dos Santos Henrique,,,,,Sim,Sim,,,,,,Autocuidado em saúde e combate ao comportamento sedentário de escolares em escolares,Bolsa,Em execução,FACEPE,PIBIC 2025 - 01/2025,01/2025,2025,"R$ 8.400,00","R$ 0,00",0,8400,Iniciação científica,1,12,8400,0,0
14/06/2026 10:44:30,Tony Meireles dos Santos,,,Sim,,,,,,,,,sUrFPE de Letramento no Surfe: Proposta de Inovação do ensino em Educação Física ,Infraestrutura,Concluída,PROPG/UFPE, Estímulo à Inovação no âmbito das práticas de ensino na Graduação ,Edital 18/2023,2023,"R$ 48.222,25","R$ 34.286,40","R$ 14.042,30","R$ 0,00",Não se aplica,0,0,0,2,2
14/06/2026 10:46:31,Tony Meireles dos Santos,,,,,,Sim,Sim,Sim,,,,ESTRATÉGIA DE MICRO-LEARNING ORIENTADA AO LETRAMENTO FÍSICO NO SURFE EM CRIANÇAS E ADOLESCENTES EM VULNERABILIDADE SOCIAL,Bolsa,Em execução,FACEPE,EDITAL FACEPE,38/2025,2025,"R$ 57.600,00","R$ 0,00","R$ 0,00","R$ 57.600,00",Mestrado,1,24,57600,2,1
14/06/2026 11:07:28,Tony Meireles dos Santos,,Sim,Sim,Sim,,,,,,,,EFEITOS DA ESTIMULAÇÃO POR ÁUDIOS BINAURAIS E DE EXERCÍCIOS AUTOSSELECIONADOS NAS RESPOSTAS INTEROCEPTIVAS E PERCEPTUAIS DE INDIVÍDUOS COM SINTOMAS DE DEPRESSÃO,Projeto de pesquisa,Concluída,FACEPE,AUXÍLIO A PROJETOS DE PESQUISA PARA PESQUISADORES EMERGENTES – APQ - EMERGENTES,29/2022,2022,"R$ 51.640,00","R$ 35.000,00","R$ 4.640,00","R$ 12.000,00",Apoio técnico,2,12,12000,0,0
14/06/2026 11:14:05,Tony Meireles dos Santos,,,Sim,Sim,Sim,Sim,Sim,,,,,EFEITOS PSICOFISIOLÓGICOS DAS ORIENTAÇÕES DE ATIVIDADES FÍSICAS DOMICILIARES POR UM APLICATIVO MOBILE VERSUS POR CARTILHA EM SOBREVIVENTES DE CÂNCER DE MAMA: UM ENSAIO CLÍNICO RANDOMIZADO,Bolsa,Em execução,FACEPE,PROGRAMA DE CONCESSÃO DE   BOLSAS DE PÓS-GRADUAÇÃO,EDITAL FACEPE 35/2022 ,2022,"R$ 144.000,00","R$ 0,00","R$ 0,00","R$ 144.000,00",Doutorado,1,48,144000,0,1
14/06/2026 11:29:11,Tony Meireles dos Santos,,,Sim,Sim,Sim,,,,,,,"Efeito da terapia do surfe na saúde física, mental e nas respostas interoceptivas e perceptuais em indivíduos com sintomas de depressão e ansiedade: um ensaio clínico randomizado",Bolsa,Concluída,FACEPE,CONCESSÃO DE BOLSAS DE PÓS-GRADUAÇÃO STRICTO SENSU (1º SEMESTRE/2023),EDITAL FACEPE 35/2022,2022,"R$ 48.000,00","R$ 0,00","R$ 0,00","R$ 48.000,00",Mestrado,1,24,48000,1,0
14/06/2026 11:35:22,Tony Meireles dos Santos,,,,,Sim,Sim,Sim,,,,,GRUPOS OPERATIVOS E SURF COMO INTERVENÇÃO TERAPÊUTICA NO CUIDADO À SAÚDE INTEGRAL DE JOVENS UNIVERSITÁRIOS,Bolsa,Em execução,FACEPE,PROGRAMA DE BOLSAS DE PÓS-GRADUAÇÃO (1º SEMESTRE/2025),EDITAL FACEPE 29/2024,2024,"R$ 50.400,00","R$ 0,00","R$ 0,00","R$ 50.400,00",Mestrado,1,24,50400,1,0
14/06/2026 14:27:06,Tony Meireles dos Santos,,,Sim,,,,,,,,,APRIMORAMENTO DAS FUNCIONALIDADES DO COMPETENCE APP PARA O ENFRENTAMENTO AO SEDENTARISMO E ADOÇÃO DE UM ESTILO DE VIDA ATIVO ATRAVÉS DA INTELIGÊNCIA ARTIFICIAL E GAMIFICAÇÃO,Projeto de extensão,Concluída,FACEPE,Programa de Extensão Tecnológica 2023,05/2023,2023,"R$ 24.600,00","R$ 0,00","R$ 0,00","R$ 24.600,00",Desenvolvimento tecnológico,11,0,0,0,0
15/06/2026 13:46:44,Tony Meireles dos Santos,,,,Sim,Sim,,,,,,,AVALIAÇÃO DA USABILIDADE DE UM APLICATIVO DE ORIENTAÇÃO DE ATIVIDADES FÍSICAS PARA SOBREVIVENTES DE CÂNCER DE MAMA SEGUNDO A PERCEPÇÃO DO USUÁRIO,Projeto de inovação/tecnologia,Concluída,CNPq,Edital PROPESQI ,004/2024,2024,"R$ 8.400,00","R$ 0,00",0,8400,Iniciação tecnológica,1,12,8400,0,0
15/06/2026 13:55:27,Tony Meireles dos Santos,,,,,Sim,Sim,,,,,,IMPACTO DAS ORIENTAÇÕES DE ATIVIDADE FÍSICA DOMICILIAR NA REDUÇÃO DO COMPORTAMENTO SEDENTÁRIO EM SOBREVIVENTES DE CÂNCER DE MAMA,Projeto de inovação/tecnologia,Concluída,CNPq,EDITAL PROPESQI,Edital PROPESQI nº 004/2025,2025,"R$ 8.400,00","R$ 0,00",0,8400,Iniciação tecnológica,1,12,8400,0,0
15/06/2026 21:46:38,Saulo Fernandes Melo de Oliveira,Sim,Sim,Sim,Sim,,,,,,,,"Análise descritiva das demandas energéticas, fisiológicas e biomecânicas de atletas de parabadminton",Projeto de pesquisa,Concluída,Outra,BWF Research Grant 2021-2022,BWF Research Grant 2021-2022,2021,"R$ 8.000.000,00","R$ 8.000.000,00",80000,0,Não se aplica,0,0,0,0,0
15/06/2026 21:49:30,Saulo Fernandes Melo de Oliveira,,Sim,,,,,,,,,,Avaliação da força-potência muscular e da velocidade do smash em atletas de parabadminton de acordo com a classificação funcional,Projeto de pesquisa,Concluída,Outra,BWF Research Grant,BWF Research Grant,2022,"R$ 45.000,00","R$ 45.000,00",45000,45000,Não se aplica,0,0,0,0,0
15/06/2026 21:52:04,Saulo Fernandes Melo de Oliveira,,,Sim,,,,,,,,,ANÁLISE DA ATIVAÇÃO MUSCULAR DOS MEMBROS SUPERIORES NA PROPULSÃO DIANTEIRA E REVERSA EM CADEIRA DE RODAS DE ATLETAS DE PARABADMINTON,Projeto de pesquisa,Concluída,Outra,BWF Research Grant,BWF Research Grant 2023-2024,2023,"R$ 30.000,00","R$ 30.000,00",0,0,Não se aplica,0,0,0,1,0
16/06/2026 10:03:50,Pedro Pinheiro Paes Neto,Sim,,,,,,,,,,,Comparação da resposta aguda entre o sistema Cluster baseado na redistribuição de repouso e o sistema tradicional do treinamento com peso sobre o nível de fadiga no desempenho técnico em jovens atletas de basquetebol: ensaio clínico randomizado,Bolsa,Concluída,FACEPE,PIBIC,1360-4.09/21,2021,"R$ 6.000,00","R$ 0,00",0,6000,Iniciação científica,1,12,6000,1,0
16/06/2026 11:37:40,Pedro Pinheiro Paes Neto,,,,Sim,Sim,,,,,,,Implicações do estímulo verbal e musical no desempenho de força em pessoas com e sem experiência de treinamento,Bolsa,Concluída,CNPq,PIBIC,04/2024,2024,"R$ 8.400,00","R$ 0,00",0,8400,Iniciação científica,1,12,8400,1,0
16/06/2026 11:39:19,Pedro Pinheiro Paes Neto,,,,Sim,Sim,,,,,,,Efeito da privação visual no desempenho de força em indivíduos treinados e destreinados,Bolsa,Concluída,CNPq,PIBIC,04/2024,2024,"R$ 8.400,00","R$ 0,00",0,8400,Iniciação científica,1,12,8400,1,0
16/06/2026 11:43:37,Pedro Pinheiro Paes Neto,Sim,Sim,,,,,,,,,,Comparação da resposta aguda entre o sistema cluster baseado na redistribuição e o sistema tradicional do treinamento resistido sobre os níveis de fadiga e desempenho técnico do drible em jovens atletas de basquetebol: ensaio clínico randomizado,Bolsa,Concluída,CNPq,PIBIC,04/21,2021,"R$ 4.800,00","R$ 0,00",0,4800,Iniciação científica,1,12,4800,1,0
16/06/2026 11:46:25,Pedro Pinheiro Paes Neto,Sim,Sim,,,,,,,,,,"Nível de atividade física, perfil do sono e qualidade de vida em profissionais noturnos",Bolsa,Concluída,CNPq,PIBIC,04/2021,2021,"R$ 4.800,00","R$ 0,00",0,4800,Iniciação científica,1,12,4800,1,0
16/06/2026 12:57:27,Ozeas de Lima Lins Filho,,,Sim,,,,,,,,,Exercício aeróbio para tratamento da apneia obstrutiva do sono: efeito da intensidade nas respostas hemodinâmicas,Bolsa,Concluída,CNPq,Edital de Iniciação Científica CNPq,,2023,"R$ 6.480,00","R$ 0,00",0,6480,Iniciação científica,1,12,6480,0,0
16/06/2026 12:59:15,Ozeas de Lima Lins Filho,,,,,Sim,,,,,,,EFEITO DO TREINAMENTO DE FORÇA NO ÍNDICE APNEIA-HIPOPNEIA EM ADULTOS COM APNEIA OBSTRUTIVA DO SONO: UM ENSAIO CLÍNICO RANDOMIZADO CONTROLADO,Bolsa,Em execução,CNPq,PIBIC,,2025,"R$ 8.400,00","R$ 0,00",0,8400,Iniciação científica,1,12,8400,1,0
16/06/2026 13:00:28,Ozeas de Lima Lins Filho,,,,,Sim,,,,,,,EFEITO DO TREINAMENTO DE FORÇA NA MODULAÇÃO AUTONÔMICA EM ADULTOS COM APNEIA OBSTRUTIVA DO SONO: UM ENSAIO CLÍNICO RANDOMIZADO CONTROLADO,Bolsa,Em execução,CNPq,PIBIC,,2025,"R$ 8.400,00","R$ 0,00",0,8400,Iniciação científica,1,12,8400,1,1
16/06/2026 13:02:36,Ozeas de Lima Lins Filho,,,,Sim,Sim,,,,,,,Treinamento de força para pessoas com doenças crônicas não transmissíveis -CCS/UFPE ano 2024/202,Projeto de extensão,Concluída,Outra,EXTENSÃO,,2024,"R$ 4.200,00","R$ 0,00",0,4200,Extensão,1,6,4200,1,0
16/06/2026 13:05:07,Ozeas de Lima Lins Filho,,,,,Sim,,,,,,,"ASSOCIAÇÃO LONGITUDINAL ENTRE NÍVEL DE ATIVIDADE FÍSICA, PERCEPÇÃO GLOBAL DE QUALIDADE, QUANTIDADE DE SONO E SONOLÊNCIA DIURNA EXCESSIVA EM MÃES DE CRIANÇAS AUTISTAS: UM ESTUDO LONGITUDINAL",Projeto de pesquisa,Em execução,CNPq,Mestrado CNPq,,2025,"R$ 50.400,00","R$ 0,00",0,50400,Mestrado,50400,24,50400,1,1
16/06/2026 13:08:47,Ozeas de Lima Lins Filho,,,,,,Sim,,,,,,Auxílio a Jovem Pesquisador,Auxílio individual,Aprovada aguardando implementação,PROPESQI/UFPE,Auxílio a Jovem Pesquisador PROPESQI,,2026,"R$ 10.000,00","R$ 10.000,00",10000,0,Outra,0,0,0,,