id,docente,autor_principal,ano,titulo,tipo_producao,revista_ou_veiculo,editora,cidade,isbn_issn,doi,url,indexacao,jif_jcr_2025,quartil_jcr_2025,pontuacao,observacoes
1,Andre Dos Santos Costa,"TAVARES, HENRIQUE",2025,Effects of daily protein intake frequency during 8 weeks of resistance training on lean mass and strength adaptations: a randomized non-controlled clinical trial,artigo,THE JOURNAL OF SPORTS MEDICINE AND PHYSICAL FITNESS,,,18271928,10.23736/S0022-4707.25.16698-X,,Web of Science (JCR); Scopus (SJR),,,90,
2,Andre Dos Santos Costa,"LEAO, M. M",2025,"Associação entre os níveis de atividade física e ansiedade, estresse e depressão em pacientes com transtorno obsessivo compulsivo",artigo,,,,25960016,10.18554/acbiobras.v8i2.8756,https://doi.org/10.18554/acbiobras.v8i2.8756,,,,,Revista nao identificada claramente no PDF; prefixo indica URL.
3,Andre Dos Santos Costa,"SILVA, DIEGO FRANCISCO DA",2026,Does mental fatigue influence the accuracy of paralympic boccia players?,artigo,Frontiers In Sports And Active Living,,,26249367,10.3389/fspor.2025.1724991,,Web of Science (JCR); Scopus (SJR),2.6,Q2,90,
4,Andre Dos Santos Costa,"FRADIQUE, BRUNA NOLASCO SIQUEIRA SILVA",2025,Repercussions of bariatric surgery on bone mineral density: a comparative analysis between Roux-en-Y gastric bypass and sleeve gastrectomy,artigo,Abcd-Arquivos Brasileiros De Cirurgia Digestiva-Brazilian Archives Of Digestive Surgery,,,23176326,10.1590/0102-67202025000044e1913,,Scopus (SJR),,,90,
5,Andre Luiz Torres Piraua,"CAVALCANTE, BRUNO REMÍGIO",2025,Effects of Instability Resistance Training on Physical and Cognitive Function in Adults,artigo,INTERNATIONAL JOURNAL OF SPORTS MEDICINE,,,01724622,10.1055/a-2674-4030,,Web of Science (JCR); Scopus (SJR),2.2,Q2,90,
6,Andre Luiz Torres Piraua,"DOS SANTOS, HELTON LAYON TEIXEIRA",2026,Barriers and facilitators reported by older adults and Physical Education professionals participating in a home-based physical exercise program with different remote supervision strategies: a qualitative analysis of a randomized controlled trial,artigo,GERIATRIC NURSING,,,01974572,10.1016/j.gerinurse.2026.103876,,Web of Science (JCR); Scopus (SJR),2.4,Q1,90,
7,Breno Quintella Farah,"MELO, P. H",2025,Rating of perceived exertion versus heart rate for isometric exercise prescription? Reliability and agreement study,artigo,Sao Paulo Medical Journal,,,15163180,10.1590/1516-3180.2024.0092.R1.29072024,,Web of Science (JCR); Scopus (SJR),1.6,Q2,90,
8,Breno Quintella Farah,"FERREIRA, FABIANA GONÇALVES",2025,Association between calf circumference and cardiovascular health indicators in patients with peripheral artery disease,artigo,EINSTEIN (SÃO PAULO),,,16794508,10.31744/einstein_journal/2025ao1089,,Scopus (SJR),,,90,
9,Breno Quintella Farah,"FARAH, BRENO QUINTELLA",2025,Mortality rate in patients with symptomatic peripheral artery disease in Brazil: comparison between sexes,artigo,EINSTEIN (SÃO PAULO),,,16794508,10.31744/einstein_journal/2025ao1611,,Scopus (SJR),,,90,
10,Breno Quintella Farah,"SILVA, GUSTAVO OLIVEIRA DA",2025,Self-reported assessment of walking impairment and physical activity in patients with peripheral artery disease: a narrative review,artigo,Physical Therapy Reviews,,,10833196,10.1080/10833196.2025.2556504,,Web of Science (JCR); Scopus (SJR),1.2,Q3,90,
11,Breno Quintella Farah,"DA SILVA JUNIOR, DELSO HONÓRIO",2025,"Validity, reliability and agreement of the two-minute step test in Parkinson`s disease",artigo,GERIATRIC NURSING,,,01974572,10.1016/j.gerinurse.2025.103661,,Web of Science (JCR); Scopus (SJR),2.4,Q1,90,
12,Breno Quintella Farah,"DE FARIA, DEIVIDE RAFAEL GOMES",2025,Comparison of Cardiovascular and Perceptual Responses During Guideline-Recommended and Self-Selected Intensity Exercises in Patients With Peripheral Artery Disease,artigo,Journal of Cardiopulmonary Rehabilitation and Prevention,,,19327501,10.1097/hcr.0000000000000966,,Web of Science (JCR); Scopus (SJR),3.1,Q2,90,
13,Breno Quintella Farah,"KANEGUSUKU, HÉLCIO",2025,Association between the Self-Reported like Engaging in Physical Activity and the Physical Activity Level in Patients with Peripheral Artery Disease,artigo,ANNALS OF VASCULAR SURGERY,,,08905096,10.1016/j.avsg.2025.02.030,,Web of Science (JCR); Scopus (SJR),1.6,Q2,90,
14,Breno Quintella Farah,"MONTE, ADÃO LUIS",2025,Dropouts in Exercise Rehabilitation Program in Patients With Long COVID,artigo,AMERICAN JOURNAL OF PHYSICAL MEDICINE AND REHABILITATION,,,15377385,10.1097/phm.0000000000002719,,Web of Science (JCR); Scopus (SJR),2.4,Q1,90,
15,Breno Quintella Farah,"DE ALMEIDA, JOSÉ RICARDO VIEIRA",2025,Effect of Physical Exercise on Sleep Quality and Depressive Symptoms in Adults: A Systematic Review and Meta-Analysis,artigo,SLEEP SCIENCE (IMPRESSO),,,19840659,10.1055/s-0045-1806954,,Web of Science (JCR); Scopus (SJR),1.8,Q3,90,
16,Breno Quintella Farah,"BARCELOS, G. T",2025,Acute and chronic effect of dynamic and isometric resistance exercise on blood pressure: a review with meta-analysis,artigo,Motriz,,,19806574,10.5016/s1980-6574e10248467,,Scopus (SJR),,,90,
17,Breno Quintella Farah,"SILVA, GUSTAVO O",2026,Acute Responses to Arm-Crank Exercise on the Cardiovascular Function of Patients With Peripheral Artery Disease: A RANDOMIZED CROSSOVER TRIAL,artigo,Journal of Cardiopulmonary Rehabilitation and Prevention,,,19327501,10.1097/HCR.0000000000001018,,Web of Science (JCR); Scopus (SJR),3.1,Q2,90,
18,Breno Quintella Farah,"ALEMIDA, P. S",2026,Factors associated with sleep quality and duration in mothers of children with autism spectrum disorder: a cross-sectional study,artigo,EINSTEIN (SÃO PAULO),,,16794508,10.31744/einstein_journal/2026AO2004,,Scopus (SJR),,,90,
19,Breno Quintella Farah,"DE ALMEIDA, JOSÉ RICARDO VIEIRA",2026,Effects of resistance training on obstructive sleep apnea severity: a randomized controlled trial,artigo,SLEEP MEDICINE,,,13899457,10.1016/j.sleep.2026.108879,,Web of Science (JCR); Scopus (SJR),3.4,Q2,90,
20,Breno Quintella Farah,"BRAGHIERI, HELOISA AMARAL",2026,Effect of Resistance Exercise on Ambulatory Blood Pressure: Systematic Review and Meta- Analysis,artigo,INTERNATIONAL JOURNAL OF SPORTS MEDICINE,,,01724622,10.1055/a-2688-5151,,Web of Science (JCR); Scopus (SJR),2.2,Q2,90,
21,Breno Quintella Farah,"AGUIAR, JOSÉ LUCAS PORTO",2025,"Effects of acute exercise performed at different times of day on respiratory, blood pressure, and cardiac autonomic modulation outcomes in patients with obstructive sleep apnea: a randomized crossover trial",artigo,Journal of Human Hypertension,,,14765527,10.1038/s41371-025-01080-y,,Web of Science (JCR); Scopus (SJR),3.4,Q2,90,
22,Breno Quintella Farah,"ANDRADE-LIMA, ALUÍSIO",2026,Light physical activity and sedentary time are associated with multiple comorbid conditions in patients with peripheral artery disease,artigo,JOURNAL OF VASCULAR NURSING,,,10620303,10.1016/j.jvn.2025.09.002,,Web of Science (JCR); Scopus (SJR),1.2,Q3,90,
23,Carla Meneses Hardman,"ROCHA, KAROLINE BARRETO DA SILVA",2025,Comportamentos de Movimento de 24 horas em Crianças e Adolescentes: Protocolo de Revisão de Escopo,artigo,CUADERNOS DE EDUCACIÓN Y DESARROLLO,,,19894155,10.55905/cuadv17n4-164,,,,,,
24,Carla Meneses Hardman,"CUNHA, ADOLFO LUIZ REUBENS DA",2025,Intervenção comunitária baseada em exercícios físicos e autocuidado na qualidade do sono em idosos: ensaio randomizado,artigo,REVISTA FISIO&TERAPIA,,,16780817,10.69849/revistaft/dt10202504282217,,,,,,
25,Carla Meneses Hardman,"CARDOSO, D. S",2025,"Latent class analysis of physical activity, screen time and sleep: Association with obesity in youth",artigo,JOURNAL OF PHYSICAL EDUCATION AND SPORT,,,2247806X,,,Scopus (SJR),,,90,
26,Carla Meneses Hardman,"FEITOSA, S. B",2025,"Does meeting recommendations for physical activity, screen time, and sleep increase the chance of better health perception in adolescents?",artigo,Motriz,,,19806574,10.5016/s1980-6574e10229089,,Scopus (SJR),,,90,
27,Carla Meneses Hardman,"CARDOSO, D. S",2025,"Associação entre atividade física, tempo de ecrã e recomendações de sono com excesso de peso em adolescentes",artigo,RETOS,,,19882041,10.47197/retos.v72.113173,,Web of Science (JCR); Scopus (SJR),1.6,Q2,90,
28,Carla Meneses Hardman,"FREIRE, J. C",2025,Relação dos indicadores de atividade física com o estresse ocupacional e a Síndrome de Burnout em policiais: um protocolo de revisão sistemática,artigo,CUADERNOS DE EDUCACIÓN Y DESARROLLO,,,19894155,10.55905/cuadv17n8-066,,,,,,
29,Carla Meneses Hardman,"SILVA, I. N. L",2025,Associação entre o nível de atividade física e os domínios da síndrome de burnout em servidores da Polícia Federal do Brasil,artigo,CUADERNOS DE EDUCACIÓN Y DESARROLLO,,,19894155,10.55905/cuadv17n8-068,,,,,,
30,Carla Meneses Hardman,"SILVA, L. B",2025,Relação longitudinal da atividade física e do comportamento sedentário com a ansiedade e o estresse psicológico em adolescentes durante a pandemia de COVID-19,artigo,CUADERNOS DE EDUCACIÓN Y DESARROLLO,,,19894155,10.55905/cuadv17n8-084,,,,,,
31,Carla Meneses Hardman,"SATURNINO, L. R. L",2025,Relação dos indicadores de atividade física e comportamento sedentário com as dimensões do isolamento social em adolescentes,artigo,CUADERNOS DE EDUCACIÓN Y DESARROLLO,,,19894155,10.55905/cuadv17n8-080,,,,,,
32,Carla Meneses Hardman,"QUEIROZ, DANIEL DA ROCHA",2025,The importance of the moderate-to-vigorous physical activity and sedentary behavior combined pattern on the association between body mass index and motor competence in children,artigo,REVISTA BRASILEIRA DE ATIVIDADE FÍSICA E SAÚDE,,,23171634,10.12820/rbafs.30e0411,,Scopus (SJR),,,90,
33,Daniel Da Rocha Queiroz,"LIMA, T. J. S",2025,"Physical growth, school environment, and birth information in the physical activity of children: a multilevel analysisCrecimiento físico, entorno escolar e información del nacimiento en la actividad física de los niños: un análisis multinivelCrescimento físico, ambiente escolar e informação sobre a atividade física infantil à nascença: uma análise multinível",artigo,RETOS,,,19882041,10.47197/retos.v68.109408,,Web of Science (JCR); Scopus (SJR),1.6,Q2,90,
34,Daniel Da Rocha Queiroz,"CARDOSO, D. S",2025,"Latent class analysis between physical activity, screen time and sleep: Association with obesity in youth",artigo,JOURNAL OF PHYSICAL EDUCATION AND SPORT,,,2247806X,10.7752/jpes.2025.04096,,Scopus (SJR),,,90,
35,Daniel Da Rocha Queiroz,"ROCHA, K. B. S",2025,Comportamentos de Movimento de 24 horas em Crianças e Adolescentes: Protocolo de Revisão de Escopo,artigo,CUADERNOS DE EDUCACIÓN Y DESARROLLO,,,19894155,10.55905/cuadv17n4-164,,,,,,
36,Daniel Da Rocha Queiroz,"FEITOSA, S. B",2025,"Does meeting recommendations for physical activity, screen time, and sleep increase the chance of better health perception in adolescents?",artigo,Motriz,,,19806574,10.5016/s1980-6574e10229089,,Scopus (SJR),,,90,
37,Daniel Da Rocha Queiroz,"CARDOSO, D. S",2025,"Association of physical activity, screen time, and sleep recommendations with excess weight in adolescents",artigo,RETOS,,,19882041,10.47197/retos.v72.113173,,Web of Science (JCR); Scopus (SJR),1.6,Q2,90,
38,Daniel Da Rocha Queiroz,"FREIRE, J. C",2025,Relação dos indicadores de atividade física com o estresse ocupacional e a Síndrome de Burnout em policiais: um protocolo de revisão sistemática,artigo,CUADERNOS DE EDUCACIÓN Y DESARROLLO,,,19894155,10.55905/cuadv17n8-066,,,,,,
39,Daniel Da Rocha Queiroz,"SILVA, I. N. L",2025,Associação entre o nível de atividade física e os domínios da síndrome de burnout em servidores da Polícia Federal do Brasil,artigo,CUADERNOS DE EDUCACIÓN Y DESARROLLO,,,19894155,10.55905/cuadv17n8-068,,,,,,
40,Daniel Da Rocha Queiroz,"SILVA, L. B",2025,Relação longitudinal da atividade física e do comportamento sedentário com a ansiedade e o estresse psicológico em adolescentes durante a pandemia de COVID-19,artigo,CUADERNOS DE EDUCACIÓN Y DESARROLLO,,,19894155,10.55905/cuadv17n8-084,,,,,,
41,Daniel Da Rocha Queiroz,"SATURNINO, L. R. L",2025,Relação dos indicadores de atividade física e comportamento sedentário com as dimensões do isolamento social em adolescentes,artigo,CUADERNOS DE EDUCACIÓN Y DESARROLLO,,,19894155,10.55905/cuadv17n8-080,,,,,,
42,Daniel Da Rocha Queiroz,"QUEIROZ, D. R",2025,The importance of the moderate-to-vigorous physical activity and sedentary behavior combined pattern on the association between body mass index and motor competence in children,artigo,REVISTA BRASILEIRA DE ATIVIDADE FÍSICA E SAÚDE,,,23171634,10.12820/rbafs.30e0411,,Scopus (SJR),,,90,
43,Daniel Da Rocha Queiroz,"AGUILAR, J. A",2026,Can Motor Competence be a Better Predictor than Physical Activity on Adiposity Indicators in Children? A Longitudinal Study,artigo,REVISTA BRASILEIRA DE ATIVIDADE FÍSICA E SAÚDE,,,23171634,10.12820/rbafs.31e0423,,Scopus (SJR),,,90,
44,Daniel Da Rocha Queiroz,"ROCHA, K. B. S",2026,"Factors associated with meeting the recommendations for physical activity, sedentary behavior, and sleep in adolescents: a cross- sectional study",artigo,REVISTA PAULISTA DE PEDIATRIA (ONLINE),,,19840462,10.1590/1984-0462/2026/44/2025027,,Scopus (SJR),,,90,
45,Eduardo Zapaterra Campos,"DE ALENCAR MATOS, MARCUS",2025,Understanding the mediating role of anthropometry and body composition in the relationship between biological maturation and sport-specific performance in young swimmers,artigo,JOURNAL OF SPORTS SCIENCES,,,02640414,10.1080/02640414.2025.2540202,,Web of Science (JCR); Scopus (SJR),2.5,Q2,90,
46,Eduardo Zapaterra Campos,"DAMASCENO, VINICIUS",2025,Validade e fiabilidade de dois testes submáximos para estimar o consumo máximo de oxigénio em adultos,artigo,RETOS,,,19882041,10.47197/retos.v69.108833,,Web of Science (JCR); Scopus (SJR),1.6,Q2,90,
47,Eduardo Zapaterra Campos,"BEJDER, JACOB",2025,Time-course of muscle fatigue development during intense exercise in hypoxia and normoxia,artigo,Scientific Reports,,,20452322,10.1038/s41598-025-98762-x,,Web of Science (JCR); Scopus (SJR),3.9,Q1,90,
48,Fabiano De Souza Fonseca,"COSTA, YAGO P",2025,"Effect of caffeine on attack decision- making in trained beach volleyball players following prolonged cognitive effort induced by social media use: a randomized, single-blind, crossover pilot study",artigo,"BMC SPORTS SCIENCE, MEDICINE AND REHABILITATION",,,20521847,10.1186/s13102-024-01052-8,,Web of Science (JCR); Scopus (SJR),2.8,Q1,90,
49,Fabiano De Souza Fonseca,"SAVASSI FIGUEIREDO, LUCAS",2025,Influence of sports specificity on motor coordination in brazilian children,artigo,RETOS,,,19882041,10.47197/retos.v63.109562,,Web of Science (JCR); Scopus (SJR),1.6,Q2,90,
50,Fabiano De Souza Fonseca,"RIBEIRO, JOÃO",2025,Running demands during top-up conditioning sessions compared to competitive matches in elite Portuguese soccer players,artigo,BIOLOGY OF SPORT,,,0860021X,10.5114/biolsport.2025.151650,,Web of Science (JCR); Scopus (SJR),5.0,Q1,90,
51,Fabiano De Souza Fonseca,"BARROS, T. A. R",2025,Is curve sprint performance in soccer related to other speed and power abilities across age categories?,artigo,Sport Sciences for Health,,,18251234,10.1007/s11332-025-01570-z,,Web of Science (JCR); Scopus (SJR),1.3,Q3,90,
52,Fabiano De Souza Fonseca,"BONETTI, B",2025,Can horizontal jump performance using minimal individual differences be used to regulate training load in young soccer players? A randomized controlled trial,artigo,International Journal of Sports Science & Coaching,,,17479541,10.1177/17479541251394001,,Web of Science (JCR); Scopus (SJR),2.1,Q2,90,
53,Fabiano De Souza Fonseca,"GANTOIS, PETRUS",2025,Effects of a Congested Match Schedule on Isometric Muscle Strength Performance in Elite Futsal Players,artigo,JOURNAL OF STRENGTH AND CONDITIONING RESEARCH,,,15334287,10.1519/jsc.0000000000005346,,Web of Science (JCR); Scopus (SJR),3.0,Q1,90,
54,Fabiano De Souza Fonseca,"Costa, Mateus Cordeiro",2025,Autorregulação no treinamento de força: aplicações dos métodos objetivos e subjetivos para prescrição do volume e intensidade,capitulo,Movimento e Educação Física para a promoção da saúde e do bem-estar 2,Atena Editora,,9786525834764,10.22533/at.ed.7641225130510,,,,,45,
55,Flavio Renato Barros Da Guarda,"SANTOS, ISABELA NASCIMENTO DOS",2025,Análise da oferta de Políticas Públicas de esportes nas regiões metropolitanas do Brasil,artigo,OBSERVATORIO DE LA ECONOMÍA LATINOAMERICANA,,,16968352,10.55905/oelv23n4-058,,,,,,
56,Flavio Renato Barros Da Guarda,"CAVALCANTI, THAURUS VINÍCIUS DE OLIVEIRA",2025,Produção científica no campo das políticas públicas de esporte e lazer no Brasil entre 2003 e 2023,artigo,OBSERVATORIO DE LA ECONOMÍA LATINOAMERICANA,,,16968352,10.55905/oelv23n2-040,,,,,,
57,Flavio Renato Barros Da Guarda,"NASCIMENTO, JOSÉ HENRIQUE ARRUDA",2025,Educação em saúde: contribuições para a educação física escolar no contexto brasileiro,artigo,CUADERNOS DE EDUCACIÓN Y DESARROLLO,,,19894155,10.55905/cuadv17n2-073,,,,,,
58,Flavio Renato Barros Da Guarda,"MELO JÚNIOR, GLAUCIANO JOAQUIM DE",2025,Níveis de atividade física em pacientes hipertensos e diabéticos: um estudo na cidade de Caruaru- PE,artigo,OBSERVATORIO DE LA ECONOMÍA LATINOAMERICANA,,,16968352,10.55905/oelv23n4-186,,,,,,
59,Flavio Renato Barros Da Guarda,"SOUZA, GLEYCE KELLY BATISTA DE",2025,Associação entre comportamento sedentário e custos públicos com doenças crônicas: protocolo de revisão sistemática,artigo,LECTURAS EDUCACIÓN FÍSICA Y DEPORTES,,,15143465,10.46642/efd.v30i324.7472,,,,,,
60,Flavio Renato Barros Da Guarda,"SOUZA, GLEYCE KELLY BATISTA DE",2025,Associação entre comportamento sedentário e gastos públicos com doenças crônicas em adultos e idosos não institucionalizados: uma revisão sistemática,artigo,OBSERVATORIO DE LA ECONOMÍA LATINOAMERICANA,,,16968352,10.55905/oelv23n7-099,,,,,,
61,Flavio Renato Barros Da Guarda,SILVA. JOSÉ MARCOS,2025,Educação superior para a saúde do campo e quilombola,artigo,REVISTA DE EDUCAÇÃO POPULAR,,,19827660,10.14393/REP-2025-73746,,,,,,
62,Flavio Renato Barros Da Guarda,"LIMA, DIEGO DE MELO",2026,Effect of Physical Activity on Drug Expenditures for the Physical and Mental Health of Primary Care Users,artigo,International Journal of Environmental Research and Public Health,,,16604601,10.3390/ijerph23020221,,Web of Science (JCR); Scopus (SJR),,,90,
63,Leonardo Gomes De Oliveira Luz,"LUZ, L. G. O",2025,Correlates of Moderate?to?Vigorous Physical Activity Among Prepubertal Girls: A Bioecological Approach,artigo,AMERICAN JOURNAL OF HUMAN BIOLOGY,,,10420533,10.1002/ajhb.70024,,Web of Science (JCR); Scopus (SJR),1.7,Q1,90,
64,Leonardo Gomes De Oliveira Luz,"PRAZERES, T. M. P",2025,Sibling's resemblance in health- and performance-related fitness among Brazilian youth,artigo,RETOS,,,19882041,10.47197/retos.v66.110390,,Web of Science (JCR); Scopus (SJR),1.6,Q2,90,
65,Leonardo Gomes De Oliveira Luz,"DE ALENCAR MATOS, MARCUS",2025,Understanding the mediating role of anthropometry and body composition in the relationship between biological maturation and sport-specific performance in young swimmers,artigo,JOURNAL OF SPORTS SCIENCES,,,02640414,10.1080/02640414.2025.2540202,,Web of Science (JCR); Scopus (SJR),2.5,Q2,90,
66,Leonardo Gomes De Oliveira Luz,"DA SILVA, VINÍCIUS TENÓRIO MORAES",2026,Analysis of Factors Associated with Active and Sedentary Behaviors of Children and Adolescents Considering Bronfenbrenner?s Bioecological Theory: A Scoping Review Protocol,artigo,Adolescents,,,26737051,10.3390/adolescents6010009,,Scopus (SJR),,,90,
67,Leonardo Gomes De Oliveira Luz,"LUZ, TATIANA D.D",2026,Physical Activity prevalence and Sex-associated factors among university students during the first year of the Covid-19 pandemic: a cross-sectional study,artigo,SPORTS,,,20754663,10.3390/sports14020070,,Scopus (SJR),,,90,
68,Leonardo Gomes De Oliveira Luz,"LUZ, TATIANA D.D",2026,Associations Between Physical Activity and Quality of Life in University Students during the COVID-19 Pandemic,artigo,Health and Quality of Life Outcomes,,,14777525,10.1186/s12955-026-02495-y,,Web of Science (JCR); Scopus (SJR),3.4,Q1,90,
69,Luciano Machado Ferreira Tenorio De Oliveira,"DA PAZ SANTOS, ANA KAROLINY",2025,RELATIONSHIP BETWEEN QUALITY OF LIFE AND ASTHMA DIAGNOSIS IN ADOLESCENTS: A REVIEW STUDY,artigo,Revista Sociedade Científica,,,25958402,10.61411/rsc202578918,,,,,,
70,Ozeas De Lima Lins Filho,"BEZERRA, A. B",2025,Minimal changes in sleep parameters during overnight ambulatory blood pressure monitoring do not affect outcomes,artigo,Sleep and Breathing,,,15209512,10.1007/s11325-024-03181-3,,Web of Science (JCR); Scopus (SJR),2.0,Q3,90,
71,Ozeas De Lima Lins Filho,"DE ALMEDIA, JOSÉ RICARDO VIEIRA",2025,Effect of Physical Exercise on Sleep Quality and Depressive Symptoms in Adults: A Systematic Review and Meta-Analysis,artigo,SLEEP SCIENCE (IMPRESSO),,,19840659,10.1055/s-0045-1806954,,Web of Science (JCR); Scopus (SJR),1.8,Q3,90,
72,Ozeas De Lima Lins Filho,"FEITOSA, S. B",2025,"Does meeting recommendations for physical activity, screen time, and sleep increase the chance of better health perception in adolescents?",artigo,Motriz,,,19806574,10.5016/s1980-6574e10229089,,Scopus (SJR),,,90,
73,Ozeas De Lima Lins Filho,"ALMEIDA, A. H",2026,Factors associated with sleep quality and duration in mothers of children with autism spectrum disorder: a cross-sectional study,artigo,EINSTEIN (SÃO PAULO),,,16794508,10.31744/einstein_journal/2026AO2004,,Scopus (SJR),,,90,
74,Ozeas De Lima Lins Filho,"Aguiar, José Lucas",2025,"Effects of acute exercise performed at different times of day on respiratory, blood pressure, and cardiac autonomic modulation outcomes in patients with obstructive sleep apnea: a randomized crossover trial",artigo,JOURNAL OF HUMAN HYPERTENSION,,,09509240,10.1038/s41371-025-01080-y,,Web of Science (JCR); Scopus (SJR),3.4,Q2,90,
75,Ozeas De Lima Lins Filho,"SAAVEDRA, J. M",2025,Exercise Interventions in Obstructive Sleep Apnea: Program Features and Clinical Benefits,artigo,Current Pulmonology Reports,,,21992428,10.1007/s13665-025-00396-x,,Web of Science (JCR),1.0,Q4,90,
76,Ozeas De Lima Lins Filho,"DE ALMEIDA, JOSÉ RICARDO VIEIRA",2026,Effects of resistance training on obstructive sleep apnea severity: a randomized controlled trial,artigo,SLEEP MEDICINE,,,13899457,10.1016/j.sleep.2026.108879,,Web of Science (JCR); Scopus (SJR),3.4,Q2,90,
77,Ozeas De Lima Lins Filho,"FANK, F",2026,Effects of combined exercise and sleep hygiene on obstructive sleep apnea severity in older adults: a randomized controlled trial,artigo,SLEEP MEDICINE,,,13899457,10.1016/j.sleep.2026.108967,,Web of Science (JCR); Scopus (SJR),3.4,Q2,90,
78,Pedro Pinheiro Paes Neto,"ROBERTO DOS SANTOS, WLALDEMIR",2025,Impact of strength training on reducing risk of fractures in people living with Human Immunodeficiency virus,artigo,JOURNAL OF BODYWORK AND MOVEMENT THERAPIES,,,13608592,10.1016/j.jbmt.2024.11.012,,Web of Science (JCR); Scopus (SJR),1.4,Q3,90,
79,Pedro Pinheiro Paes Neto,"MORENA, J. M. D. L",2025,Influence of physical activity on balance in children: a cross sectional study,artigo,RETOS,,,19882041,10.47197/retos.v63.107,,Web of Science (JCR); Scopus (SJR),1.6,Q2,90,
80,Pedro Pinheiro Paes Neto,"DELFA-DE-LA-MORENA, JOSÉ MANUEL",2025,"Effects of Physical Activity Level, Strength, Balance, and Body Composition on Perceived Health in Healthy Adults",artigo,SPORTS,,,20754663,10.3390/sports13010019,,Scopus (SJR),,,90,
81,Pedro Pinheiro Paes Neto,"PAES, PEDRO PINHEIRO",2025,"Is there an association between physical activity level, nutritional status, biological maturation, and body satisfaction in adolescents?",artigo,RETOS,,,19882041,10.47197/retos.v65.109635,,Web of Science (JCR); Scopus (SJR),1.6,Q2,90,
82,Pedro Pinheiro Paes Neto,"DELFA-DE-LA-MORENA, JOSÉ MANUEL",2025,Efectos de la sincronización musical y de las preferencias musicales en la respuesta fisiológica durante una sesión de ejercicio físico: un estudio cuasi experimental,artigo,RETOS,,,19882041,10.47197/retos.v65.111299,,Web of Science (JCR); Scopus (SJR),1.6,Q2,90,
83,Pedro Pinheiro Paes Neto,"PAES, PEDRO PINHEIRO",2025,A influência da atividade física na saúde mental de escolares de 08 a 12 anos de idade: um estudo transversal,artigo,CUADERNOS DE EDUCACIÓN Y DESARROLLO,,,19894155,10.55905/cuadv17n5-082,,,,,,
84,Pedro Pinheiro Paes Neto,"SANTOS, WLALDEMIR ROBERTO",2025,Injuries in Female Soccer Athletes: Risk of Injury Across Different Phases of the Menstrual Cycle,artigo,RESEARCH QUARTERLY FOR EXERCISE AND SPORT,,,02701367,10.1080/02701367.2025.2515968,,Web of Science (JCR); Scopus (SJR),1.6,Q3,90,
85,Pedro Pinheiro Paes Neto,"DELFA-DE-LA-MORENA, JOSÉ MANUEL",2025,Relationship of Physical Activity Levels and Body Composition with Psychomotor Performance and Strength in Men,artigo,Healthcare,,,22279032,10.3390/healthcare13151789,,Web of Science (JCR); Scopus (SJR),2.7,Q2,90,
86,Pedro Pinheiro Paes Neto,"DOS SANTOS, WLALDEMIR ROBERTO",2026,Effects of strength training on morphological changes of lipodystrophy in people living with HIV: A quasi-experimental non-randomized controlled trial,artigo,JOURNAL OF BODYWORK AND MOVEMENT THERAPIES,,,13608592,10.1016/j.jbmt.2025.12.026,,Web of Science (JCR); Scopus (SJR),1.4,Q3,90,
87,Pedro Pinheiro Paes Neto,"PAES, P. P",2026,University sports practice and its influence on sleep pattern,artigo,Sport Mont,,,14517485,10.26773/smj,,Scopus (SJR),,,90,
88,Pedro Pinheiro Paes Neto,"CAMAROTTI JUNIOR, F",2025,¿Es capaz la actividad física de modular positivamente la ansiedad y él estrés en adolescentes escolarizados??,capitulo,Ejercicio salud y sociedad: una mirada mutidisciplinar,Dykinson,Madrid,9791370062781,,,,,,45,
89,Pedro Pinheiro Paes Neto,"PAES, P. P",2025,Efecto inducido por placebo de la ingesta aguda de taurina sobre la capacidade aeróbica em mujeres jóvenes activas,capitulo,Ejercicio salud y sociedad: una mirada mutidisciplinar,Dykinson,Madrid,9791370062781,,,,,,45,
90,Pedro Pinheiro Paes Neto,"CAMAROTTI JUNIOR, F",2025,Repercusiones del género y la práctica deportiva en los parámetros del sueño en deportistas universitários,capitulo,Ejercicio salud y sociedad: una mirada mutidisciplinar,Dykinson,Madrid,9791370062781,,,,,,45,
91,Pedro Pinheiro Paes Neto,"PAES, PEDRO P",2026,Prefácio: Um olhar de irmão e cientista,capitulo,Alzheimer: o manual da sobrevivência,Ed. do Autor,Belém,9786501900148,,,,,,45,
92,Rafael Dos Santos Henrique,"LUZ, L. G. O",2025,Correlates of moderate-to-vigorous physical activity among prepubertal girls: a bioecological approach,artigo,AMERICAN JOURNAL OF HUMAN BIOLOGY,,,10420533,10.1002/ajhb.70024,,Web of Science (JCR); Scopus (SJR),1.7,Q1,90,
93,Rafael Dos Santos Henrique,"PESSÔA DOS PRAZERES, THALIANE MAYARA",2025,Sibling's resemblance in health- and performance-related fitness among Brazilian youth,artigo,RETOS,,,19882041,10.47197/retos.v66.110390,,Web of Science (JCR); Scopus (SJR),1.6,Q2,90,
94,Rafael Dos Santos Henrique,"LIMA, T. J. S",2025,"Physical growth, school environment, and birth information in the physical activity of children: A multilevel analysis of ELOS-Pré study",artigo,RETOS,,,19882041,10.47197/retos.v68.109408,,Web of Science (JCR); Scopus (SJR),1.6,Q2,90,
95,Rafael Dos Santos Henrique,"VALLE-MUNOZ, V. M",2025,Effects of resistance training interventions on physical literacy components in children and adolescents: A systematic review with meta-analysis,artigo,Journal Of Public Health-Heidelberg,,,21981833,10.1007/s10389-025-02533-x,,Web of Science (JCR); Scopus (SJR),1.6,Q3,90,
96,Rafael Dos Santos Henrique,"CHALEGRE DA SILVA, LUCAS",2025,Neural and Muscular Determinants of Performance Fatigability Are Independent of Work and Recovery Durations During High-Intensity Interval Exercise in Males,artigo,RESEARCH QUARTERLY FOR EXERCISE AND SPORT,,,02701367,10.1080/02701367.2024.2407891,,Web of Science (JCR); Scopus (SJR),1.6,Q3,90,
97,Rafael Dos Santos Henrique,"FRAGA, JOÃO VICTOR CAVALCANTI",2025,Locomotor profile of a new soccer modality played in 1v1 format,artigo,SPORT SCIENCES FOR HEALTH (TESTO STAMPATO),,,18247490,10.1007/s11332-024-01295-5,,Web of Science (JCR); Scopus (SJR),1.3,Q3,90,
98,Rafael Dos Santos Henrique,"MATOS, M. A",2025,Understanding the mediating role of anthropometry and body composition in the relationship between biological maturation and sport-specific performance in young swimmers,artigo,JOURNAL OF SPORTS SCIENCES,,,02640414,10.1080/02640414.2025.2540202,,Web of Science (JCR); Scopus (SJR),2.5,Q2,90,
99,Rafael Dos Santos Henrique,"EDUARDO FERREIRA MAIA, DOUGLAS",2025,What school environment characteristics influence the physical fitness of low-income schoolchildren?,artigo,RETOS,,,19882041,10.47197/retos.v66.114142,,Web of Science (JCR); Scopus (SJR),1.6,Q2,90,
100,Rafael Dos Santos Henrique,"LIRA FILHO, R. S",2025,Gender differences in children?s physical literacy and physical activity: a network analysis,artigo,REVISTA BRASILEIRA DE ATIVIDADE FÍSICA E SAÚDE,,,23171634,10.12820/rbafs.30e0416,,Scopus (SJR),,,90,
101,Rafael Dos Santos Henrique,"BARROS, T. A. R",2025,Anaerobic speed or power reserve as a key determinant of repeatability in high-intensity efforts,artigo,JOURNAL OF APPLIED PHYSIOLOGY,,,87507587,10.1152/japplphysiol.00700.2025,,Web of Science (JCR); Scopus (SJR),3.3,Q1,90,
102,Rafael Dos Santos Henrique,"BARROS, T. A. R",2025,Is curve sprint performance in soccer related to other speed and power abilities across age categories?,artigo,SPORT SCIENCES FOR HEALTH (TESTO STAMPATO),,,18247490,10.1007/s11332-025-01570-z,,Web of Science (JCR); Scopus (SJR),1.3,Q3,90,
103,Rafael Dos Santos Henrique,"DE SOUZA OLIVEIRA, NAYARA",2025,Gender gap in gross motor coordination among low-income Brazilian children,artigo,Vulnerable Children and Youth Studies (Print),,,17450128,10.1080/17450128.2025.2575325,,Web of Science (JCR); Scopus (SJR),0.9,Q3,90,
104,Rafael Dos Santos Henrique,"PACHECO, A. L. G",2026,Error reduction as a calibration strategy for body composition measurements: A comparison between bioelectrical impedance analysis and dual-energy X-ray absorption,artigo,CLINICAL NUTRITION ESPEN,,,24054577,10.1016/j.clnesp.2025.11.163,,Web of Science (JCR); Scopus (SJR),2.6,Q3,90,
105,Rafael Dos Santos Henrique,"SILVA, V. T. M",2026,Analysis of Factors Associated with Active and Sedentary Behaviors of Children and Adolescents Considering Bronfenbrenner?s Bioecological Theory: A Scoping Review Protocol,artigo,Adolescents,,,26737051,10.3390/adolescents6010009,,Scopus (SJR),,,90,
106,Saulo Fernandes Melo De Oliveira,"OLIVEIRA, S. F. M",2025,Effects of wheelchair sports practice on body composition of people with spinal cord injury,artigo,Revista Brasileira de Cineantropometria e Desempenho Humano,,,19800037,10.1590/1980-0037.2025v27e89829,,Scopus (SJR),,,90,
107,Saulo Fernandes Melo De Oliveira,"Lima, Isael João",2025,PERFIL DAS PESSOAS COM DEFICIÊNCIA NA EDUCAÇÃO FÍSICA: UMA REVISÃO INTEGRATIVA,artigo,Gestus (Vitória de Santo Antão),,,18089712,10.5281/zenodo.16649241,,,,,,
108,Saulo Fernandes Melo De Oliveira,"OLIVEIRA, Saulo",2025,Change of direction profile in parabadminton: the role of impairment type and anthropometric factors,artigo,Advances in Rehabilitation,,,17344948,10.5114/areh.2025.153216,,Scopus (SJR),,,90,
109,Saulo Fernandes Melo De Oliveira,"Paralympic School Games. International Biomechanics, v. 12, p. 7-17, 2025 ISSN/ISBN: 23335432. DOI: 10.1080/23335432.2025.2531944 Qualis 2013/2016: NC | Qualis 2017/2020: NC | Percentil JCR 2022: 0 = NC",2025,Paralympic School Games,artigo,International Biomechanics,,,23335432,10.1080/23335432.2025.2531944,,Scopus (SJR),,,90,
110,Saulo Fernandes Melo De Oliveira,"CARVALHO, IGOR",2025,The association between gaze behavior and parabadminton serves accuracy,artigo,International Journal of Sports Science & Coaching,,,17479541,10.1177/17479541251374289,,Web of Science (JCR); Scopus (SJR),2.1,Q2,90,
111,Saulo Fernandes Melo De Oliveira,"OLIVEIRA, SAULO F. M",2025,Muscle activation in wheelchair Parabadminton: Effects of intensity and racket use,artigo,JOURNAL OF SPINAL CORD MEDICINE,,,10790268,10.1080/10790268.2025.2572229,,Web of Science (JCR); Scopus (SJR),1.5,Q4,90,
112,Saulo Fernandes Melo De Oliveira,"SILVA, D. F",2026,Does mental fatigue influence the accuracy of paralympic boccia players?,artigo,Frontiers In Sports And Active Living,,,26249367,10.3389/fspor.2025.1724991,,Web of Science (JCR); Scopus (SJR),2.6,Q2,90,
113,Saulo Fernandes Melo De Oliveira,"ARRUDA, S. F",2025,Hipnose no esporte: do palco à pista,capitulo,Atualizações em Ciências do Esporte e Exercício,Companhia Editora de Pernambuco (CEPE),Recife,9786554393133,,,,,,45,
114,Tony Meireles Dos Santos,"VIANA, BRUNO",2025,Exercise expectation changes psychophysiological responses to sprint exercise regardless of changes in pacing and performance,artigo,INTERNATIONAL JOURNAL OF SPORT AND EXERCISE PSYCHOLOGY,,,1612197X,10.1080/1612197x.2024.2446329,,Web of Science (JCR); Scopus (SJR),2.3,Q2,90,
115,Tony Meireles Dos Santos,"SANTOS, TONY MEIRELES",2025,Intrinsic judgment error in men?s championship world surf league: WSL 2021,artigo,RETOS,,,19882041,10.47197/retos.v64.106821,,Web of Science (JCR); Scopus (SJR),1.6,Q2,90,
116,Tony Meireles Dos Santos,Santos EL,2025,Integration of cyberculture in physical education courses at federal universities in Northeastern Brazil,artigo,JOURNAL OF PHYSICAL EDUCATION (ONLINE),,,24482455,10.4025/jphyseduc.v36i1.3607,,Scopus (SJR),,,90,
117,Vilde Gomes De Menezes,"CAVALCANTI, THAURUS VINÍCIUS DE OLIVEIRA",2025,Produção científica no campo das políticas públicas de esporte e lazer no Brasil entre 2003 e 2023,artigo,OBSERVATORIO DE LA ECONOMÍA LATINOAMERICANA,,,16968352,10.55905/oelv23n2-040,,,,,,
118,Vilde Gomes De Menezes,"NASCIMENTO, JOSÉ HENRIQUE ARRUDA",2025,Educação em saúde: contribuições para a educação física escolar no contexto brasileiro,artigo,CUADERNOS DE EDUCACIÓN Y DESARROLLO,,,19894155,10.55905/cuadv17n2-073,,,,,,
119,Vilde Gomes De Menezes,"Nhabomba, Humberto Mateus",2025,Impacto da regulamentação do fair play financeiro na sustentabilidade económica e financeira dos clubes de futebol ? uma revisão sistemática da literatura e metanálises,artigo,CONTRIBUCIONES A LAS CIENCIAS SOCIALES,,,19887833,10.55905/revconv.18n.3-210,,,,,,
120,Vilde Gomes De Menezes,"SANTOS, ISABELA NASCIMENTO DOS",2025,Análise da oferta de Políticas Públicas de esportes nas regiões metropolitanas do Brasil,artigo,OBSERVATORIO DE LA ECONOMÍA LATINOAMERICANA,,,16968352,10.55905/oelv23n4-058,,,,,,
121,Vilde Gomes De Menezes,"SANTOS, E. L",2025,Integration of cyberculture in physical education courses at federal universities in Northeastern Brazil,artigo,JOURNAL OF PHYSICAL EDUCATION (ONLINE),,,24482455,10.4025/jphyseduc.v36i1.3607,,Scopus (SJR),,,90,
122,Vilde Gomes De Menezes,"MELO JÚNIOR, GLAUCIANO JOAQUIM DE",2025,Níveis de atividade física em pacientes hipertensos e diabéticos: um estudo na cidade de Caruaru- PE,artigo,OBSERVATORIO DE LA ECONOMÍA LATINOAMERICANA,,,16968352,10.55905/oelv23n4-186,,,,,,
123,Vilde Gomes De Menezes,"Nhabomba, Humberto Mateus",2025,Indicadores da Saúde Financeira dos Clubes de Futebol Profissionais,artigo,REVISTA INTERCONTINENTAL DE GESTÃO DESPORTIVA,,,22373373,10.51995/2237-3373,,,,,,
124,Vilde Gomes De Menezes,"SOUZA, GLEYCE KELLY BATISTA DE",2025,Associação entre comportamento sedentário e custos públicos com doenças crônicas: protocolo de revisão sistemática,artigo,LECTURAS EDUCACIÓN FÍSICA Y DEPORTES,,,15143465,10.46642/efd.v30i324.7472,,,,,,
125,Vilde Gomes De Menezes,"DA HORA FILHO, EDMILTON AMARO",2025,POLÍTICAS PÚBLICAS Y FINANCIACIÓN DE LA EDUCACIÓN EN BRASIL: FUNDEF Y FUNDEB,artigo,LUMEN ET VIRTUS,,,21772789,10.56238/levv16n49-040,,,,,,
126,Vilde Gomes De Menezes,"DA HORA FILHO, EDMILTON AMARO",2025,"POLÍTICAS PÚBLICAS Y LA EVOLUCIÓN HISTÓRICA DEL FINANCIAMIENTO DE LA EDUCACIÓN EN BRASIL: MARCOS JURÍDICOS, AVANCES Y RETROCESO ENTRE 1934 Y 1988",artigo,ARACÊ - DIREITOS HUMANOS EM REVISTA,,,23582472,10.56238/arev7n6-087,,,,,,
127,Vilde Gomes De Menezes,"DA HORA FILHO, EDMILTON AMARO",2025,AFROCENTRICIDAD Y EL DESCUIDO DE LAS POLÍTICAS EDUCATIVAS PARA LAS RELACIONES ÉTNICO-RACIALES,artigo,LUMEN ET VIRTUS,,,21772789,10.56238/levv16n49-041,,,,,,
128,Vilde Gomes De Menezes,"SOUZA, W. L",2025,CONCEPÇÕES DE EDUCAÇÃO EM SAÚDE E SUAS REPERCUSSÕES NA TRAJETÓRIA DE ESTUDANTES DA REDE PÚBLICA ESTADUAL DE ENSINO MÉDIO DE PERNAMBUCO,artigo,EDUCAÇÃO EM FOCO (JUIZ DE FORA),,,01043293,,,,,,,
129,Vilde Gomes De Menezes,"SOUZA, GLEYCE KELLY BATISTA DE",2025,Associação entre comportamento sedentário e gastos públicos com doenças crônicas em adultos e idosos não institucionalizados: uma revisão sistemática,artigo,OBSERVATORIO DE LA ECONOMÍA LATINOAMERICANA,,,16968352,10.55905/oelv23n7-099,,,,,,
130,Vilde Gomes De Menezes,"ALMEIDA, CARLOS HENRIQUE DANTAS CAVALCANTI DE",2025,FATORES CONDICIONANTES DA POLÍTICA EDUCACIONAL NO CONTEXTO DO ESTADO BRASILEIRO,artigo,CONTEMPORÂNEA - REVISTA DE ÉTICA E FILOSOFIA POLÍTICA,,,24470961,10.56083/RCV5N8-088,,,,,,
131,Vilde Gomes De Menezes,"LIMA, DIEGO DE MELO",2026,Effect of Physical Activity on Drug Expenditures for the Physical and Mental Health of Primary Care Users,artigo,International Journal of Environmental Research and Public Health,,,16604601,10.3390/ijerph23020221,,Web of Science (JCR); Scopus (SJR),,,90,
132,Vilde Gomes De Menezes,"Nhabomba, Humberto Mateus",2025,"O regulamento de fair play financeiro (FFP) da UEFA: Incidência empírica de critérios do FFP no contexto dos clubes de futebol moçambicanos, 2024",artigo,REVISTA INTERCONTINENTAL DE GESTÃO DESPORTIVA,,,22373373,,,,,,,
