docente,tipo,doi,titulo,periodico,motivo
Ozeas de Lima Lins Filho,artigo,10.1038/s41371-025-01080-y,"Effects of acute exercise performed at different times of day on respiratory, blood pressure, and cardiac autonomic modulation outcomes in patients with obstructive sleep apnea: a randomized crossover trial. JOURNAL OF HUMAN HYPERTENSION, v. 1, p. 1-9, 2025",JOURNAL OF HUMAN HYPERTENSION,ja_existia_no_banco
Leonardo Gomes de Oliveira Luz,artigo,10.1002/ajhb.70024,"Biocultural correlates of gross motor coordination in prepubescent children: A cross-sectional study. AMERICAN JOURNAL OF HUMAN BIOLOGY, v. 36, p. 1, 2024",AMERICAN JOURNAL OF HUMAN BIOLOGY,ja_existia_no_banco
Ozeas de Lima Lins Filho,artigo,10.1016/j.sleep.2026.108879,"Effects of resistance training on obstructive sleep apnea severity: a randomized controlled trial. SLEEP MEDICINE, v. 142, p. 1-7, 2026",SLEEP MEDICINE,ja_existia_no_banco
Ozeas de Lima Lins Filho,artigo,10.1016/j.sleep.2026.108879,"Effect of high-intensity interval training on obstructive sleep apnea severity: a randomized controlled trial. SLEEP MEDICINE, v. 112, p. 316-321, 2023",SLEEP MEDICINE,duplicata_na_planilha_nova
Ozeas de Lima Lins Filho,artigo,10.1016/j.sleep.2026.108879,"Effects of high-intensity interval training on subjective sleep quality and daytime sleepiness in patients with obstructive sleep apnea: A secondary analysis from randomized controlled trial.. SLEEP MEDICINE, v. 121, p. 184-188, 2024",SLEEP MEDICINE,duplicata_na_planilha_nova
Ozeas de Lima Lins Filho,artigo,10.1016/j.sleep.2026.108879,"Effect of exercise training on body composition in patients with obstructive sleep apnea: A systematic review and meta-analysis. SLEEP MEDICINE, v. 87, p. 105-113, 2021",SLEEP MEDICINE,duplicata_na_planilha_nova
Saulo Fernandes Melo de Oliveira,artigo,10.3389/fspor.2025.1724991,Does mental fatigue influence the accuracy of paralympic boccia players?,Frontiers In Sports And Active Living,ja_existia_no_banco
Daniel da Rocha Queiroz,artigo,10.12820/rbafs.30e0411,Can Motor Competence be a Better Predictor than Physical Activity on Adiposity Indicators in Children? A Longitudinal Study,REVISTA BRASILEIRA DE ATIVIDADE FÍSICA E SAÚDE,ja_existia_no_banco
Vilde Gomes de Menezes,artigo,10.56083/RCV5N8-088,"FATORES CONDICIONANTES DA POLÍTICA EDUCACIONAL NO CONTEXTO DO ESTADO BRASILEIRO. CONTEMPORÂNEA - REVISTA DE ÉTICA E FILOSOFIA POLÍTICA, v. 5, p. e8906, 2025",CONTEMPORÂNEA - REVISTA DE ÉTICA E FILOSOFIA POLÍTICA,ja_existia_no_banco
Tony Meireles dos Santos,capitulo,,Anastácio WL ; Bruno V,,duplicata_na_planilha_nova
Tony Meireles dos Santos,capitulo,,Anastácio WL ; Bruno V,,duplicata_na_planilha_nova
Tony Meireles dos Santos,capitulo,,"Anastácio WL ; MEIRELES SANTOS, TONY",,duplicata_na_planilha_nova
Tony Meireles dos Santos,capitulo,,"Anastácio WL ; MEIRELES SANTOS, TONY",,duplicata_na_planilha_nova
Tony Meireles dos Santos,artigo,10.4025/jphyseduc.v36i1.3607,COMPARISON OF AFFECTIVE RESPONSES DURING SCHOOL PHYSICAL EDUCATION CLASSES WITH DIFFERENT RECOVERY TIMES,JOURNAL OF PHYSICAL EDUCATION (ONLINE),ja_existia_no_banco
Rafael dos Santos Henrique,artigo,10.1152/japplphysiol.00700.2025,"Anaerobic speed or power reserve as a key determinant of repeatability in high-intensity efforts. JOURNAL OF APPLIED PHYSIOLOGY, v. 139, p. 1722-1723, 2025",JOURNAL OF APPLIED PHYSIOLOGY,ja_existia_no_banco
Paulo Roberto Cavalcanti Carvalho,artigo,10.69849/revistaft/dt10202504282217,"Associação dos comportamentos de riscos à saúde e o reganho de peso corporal pós-cirurgia Bariátrica em tempos de pandemia: Estudo de coorte. REVISTA FISIO&TERAPIA, v. 29, p. 1, 2025",REVISTA FISIO&TERAPIA,duplicata_na_planilha_nova
Eduardo Zapaterra Campos,artigo,10.1038/s41598-025-98762-x,"Time-course of muscle fatigue development during intense exercise in hypoxia and normoxia. Scientific Reports, v. 15, p. 14065, 2025",Scientific Reports,ja_existia_no_banco
Ozeas de Lima Lins Filho,artigo,10.1007/s11325-024-03181-3,"Minimal changes in sleep parameters during overnight ambulatory blood pressure monitoring do not affect outcomes. Sleep and Breathing, v. 29, p. 00-6, 2025",Sleep and Breathing,ja_existia_no_banco
Paulo Roberto Cavalcanti Carvalho,artigo,10.69849/revistaft/dt10202504282217,"The influence of neoadjuvant chemotherapy on weicht gain in women survivors from breast cancer. REVISTA FISIO&TERAPIA, v. 28, p. 01 e 20, 2024",REVISTA FISIO&TERAPIA,duplicata_na_planilha_nova
Pedro Pinheiro Paes Neto,capitulo,,"CAMAROTTI JUNIOR, F",Ejercicio salud y sociedad: una mirada mutidisciplinar,duplicata_na_planilha_nova
Daniel da Rocha Queiroz,artigo,10.47197/retos.v72.113173,"Association of physical activity, screen time, and sleep recommendations with excess weight in adolescents",RETOS,ja_existia_no_banco
Vilde Gomes de Menezes,artigo,10.55905/oelv23n4-058,"Produção científica no campo das políticas públicas de esporte e lazer no Brasil entre 2003 e 2023. OBSERVATORIO DE LA ECONOMÍA LATINOAMERICANA, v. 23, p. e8932, 2025",OBSERVATORIO DE LA ECONOMÍA LATINOAMERICANA,ja_existia_no_banco
Guilherme Assunção Ferreira,artigo,10.1080/02701367.2025.2515968,"Neural and Muscular Determinants of Performance Fatigability Are Independent of Work and Recovery Durations During High-Intensity Interval Exercise in Males. RESEARCH QUARTERLY FOR EXERCISE AND SPORT, v. 96, p. 338-348, 2025",RESEARCH QUARTERLY FOR EXERCISE AND SPORT,duplicata_na_planilha_nova
Ozeas de Lima Lins Filho,artigo,10.1007/s11325-024-03181-3,"Is obstructive sleep apnea associated with increased arterial stiffness in patients with COPD?. Sleep and Breathing, v. 1, p. 0-0, 2022",Sleep and Breathing,duplicata_na_planilha_nova
Vilde Gomes de Menezes,artigo,10.56238/levv16n49-040,"AFROCENTRICIDAD Y EL DESCUIDO DE LAS POLÍTICAS EDUCATIVAS PARA LAS RELACIONES ÉTNICO-RACIALES. LUMEN ET VIRTUS, v. 16, p. 6696-6714, 2025",LUMEN ET VIRTUS,ja_existia_no_banco
Vilde Gomes de Menezes,artigo,10.56238/levv16n49-040,"POLÍTICAS PÚBLICAS Y FINANCIACIÓN DE LA EDUCACIÓN EN BRASIL: FUNDEF Y FUNDEB. LUMEN ET VIRTUS, v. 16, p. 6687-6695, 2025",LUMEN ET VIRTUS,duplicata_na_planilha_nova
Vilde Gomes de Menezes,artigo,10.56238/arev7n6-087,"POLÍTICAS PÚBLICAS Y LA EVOLUCIÓN HISTÓRICA DEL FINANCIAMIENTO DE LA EDUCACIÓN EN BRASIL: MARCOS JURÍDICOS, AVANCES Y RETROCESO ENTRE 1934 Y 1988. ARACÊ - DIREITOS HUMANOS EM REVISTA, v. 7, p. 30562-30571, 2025",ARACÊ - DIREITOS HUMANOS EM REVISTA,ja_existia_no_banco
Leonardo Gomes de Oliveira Luz,artigo,10.3390/adolescents6010009,Analysis of Factors Associated with Active and Sedentary Behaviors of Children and Adolescents Considering Bronfenbrenner's Bioecological Theory: A Scoping Review Protocol,Adolescents,ja_existia_no_banco
André dos Santos Costa,artigo,10.47197/retos.v72.113173,What is the best predictor of body fat percentage for older brazilian women?,RETOS,duplicata_na_planilha_nova
Eduardo Zapaterra Campos,artigo,10.1080/02640414.2025.2540202,"Understanding the mediating role of anthropometry and body composition in the relationship between biological maturation and sport-specific performance in young swimmers. JOURNAL OF SPORTS SCIENCES, v. 7, p. 1-11, 2025",JOURNAL OF SPORTS SCIENCES,ja_existia_no_banco
Leonardo Gomes de Oliveira Luz,artigo,10.1080/02640414.2025.2540202,"Understanding the mediating role of anthropometry and body composition in the relationship between biological maturation and sport-specific performance in young swimmers. JOURNAL OF SPORTS SCIENCES, v. 1, p. 1-11, 2025",JOURNAL OF SPORTS SCIENCES,ja_existia_no_banco
Ozeas de Lima Lins Filho,artigo,10.1055/s-0045-1806954,Effect of Physical Exercise on Sleep Quality and Depressive Symptoms in Adults: A Systematic Review and Meta-Analysis,SLEEP SCIENCE (IMPRESSO),ja_existia_no_banco
Rafael dos Santos Henrique,artigo,10.1080/17450128.2025.2575325,Gender gap in gross motor coordination among low-income Brazilian children,Vulnerable Children and Youth Studies (Print),ja_existia_no_banco
Paulo Felipe Ribeiro Bandeira,artigo,10.1002/ajhb.70024,"Paths towards a healthier among short and adequate sleepers: A pathway network analysis considering movement behaviors in low-income preschoolers. AMERICAN JOURNAL OF HUMAN BIOLOGY, v. 1, p. 1-11, 2023",AMERICAN JOURNAL OF HUMAN BIOLOGY,duplicata_na_planilha_nova
Pedro Pinheiro Paes Neto,artigo,10.3390/healthcare13151789,"Relationship of Physical Activity Levels and Body Composition with Psychomotor Performance and Strength in Men. Healthcare, v. 13, p. 1789, 2025",Healthcare,ja_existia_no_banco
Paulo Felipe Ribeiro Bandeira,artigo,10.1002/ajhb.70024,"Association Between 24-h Movement Behavior, Physical Fitness, and Inhibitory Control in School Adolescents: A Complex Network Analysis. AMERICAN JOURNAL OF HUMAN BIOLOGY, v. 37, p. 1-12, 2025",AMERICAN JOURNAL OF HUMAN BIOLOGY,duplicata_na_planilha_nova
Pedro Pinheiro Paes Neto,artigo,10.1016/j.jbmt.2024.11.012,Effects of strength training on morphological changes of lipodystrophy in people living with HIV: A quasi-experimental non-randomized controlled trial,JOURNAL OF BODYWORK AND MOVEMENT THERAPIES,ja_existia_no_banco
Paulo Felipe Ribeiro Bandeira,artigo,10.1080/02640414.2025.2540202,"TGMD-3 short version: Evidence of validity and associations with sex in Irish children. Journal of Sports Sciences, v. 40, p. 138-145, 2022",Journal of Sports Sciences,duplicata_na_planilha_nova
Rafael dos Santos Henrique,artigo,10.47197/retos.v72.113173,What school environment characteristics influence the physical fitness of low-income schoolchildren?,RETOS,duplicata_na_planilha_nova
Ozeas de Lima Lins Filho,artigo,10.1016/j.sleep.2026.108879,"Effects of combined exercise and sleep hygiene on obstructive sleep apnea severity in older adults: a randomized controlled trial. SLEEP MEDICINE, v. 144, p. 1-9, 2026",SLEEP MEDICINE,duplicata_na_planilha_nova
Bruno Teixeira Barbosa,artigo,10.1080/1612197x.2024.2446329,"Effect of mental fatigue on decision-making skill and visual search behaviour in basketball players: an experimental and randomised study. INTERNATIONAL JOURNAL OF SPORT AND EXERCISE PSYCHOLOGY, v. 23, p. 1-20, 2025",INTERNATIONAL JOURNAL OF SPORT AND EXERCISE PSYCHOLOGY,duplicata_na_planilha_nova
André dos Santos Costa,artigo,10.1590/0102-67202025000044e1913,Repercussions of bariatric surgery on bone mineral density: a comparative analysis between Roux-en-Y gastric bypass and sleeve gastrectomy,Abcd-Arquivos Brasileiros De Cirurgia Digestiva-Brazilian Archives Of Digestive Surgery,ja_existia_no_banco
Rafael dos Santos Henrique,artigo,10.1007/s11332-024-01295-5,Locomotor profile of a new soccer modality played in 1v1 format,SPORT SCIENCES FOR HEALTH (TESTO STAMPATO),ja_existia_no_banco
Daniel da Rocha Queiroz,artigo,10.55905/cuadv17n4-164,"Relação dos indicadores de atividade física com o estresse ocupacional e a Síndrome de Burnout em policiais: um protocolo de revisão sistemática. CUADERNOS DE EDUCACIÓN Y DESARROLLO, v. 17, p. e9137, 2025",CUADERNOS DE EDUCACIÓN Y DESARROLLO,ja_existia_no_banco
Tony Meireles dos Santos,artigo,10.4025/jphyseduc.v36i1.3607,Reliability of the high-speed camera-based system (hsc-kinovea) for lower-limb explosive strength endurance assessment in athletes,JOURNAL OF PHYSICAL EDUCATION (ONLINE),duplicata_na_planilha_nova
Paulo Felipe Ribeiro Bandeira,artigo,10.47197/retos.v72.113173,Psychometric properties of the knowledge and understanding questionnaire of the canadian assessment of physical literacy-2 in low-income brazilian children,RETOS,duplicata_na_planilha_nova
Rafael dos Santos Henrique,artigo,10.47197/retos.v72.113173,Psychometric properties of the knowledge and understanding questionnaire of the canadian assessment of physical literacy-2 in low-income brazilian children,RETOS,duplicata_na_planilha_nova
Daniel da Rocha Queiroz,artigo,10.12820/rbafs.30e0411,National guidelines for physical activity in early childhood in American countries: a scoping review,REVISTA BRASILEIRA DE ATIVIDADE FÍSICA E SAÚDE,duplicata_na_planilha_nova
Rafael dos Santos Henrique,artigo,10.1002/ajhb.70024,"Biocultural correlates of gross motor coordination in prepubescent children: A cross-sectional study. AMERICAN JOURNAL OF HUMAN BIOLOGY, v. 36, p. e24002, 2024",AMERICAN JOURNAL OF HUMAN BIOLOGY,ja_existia_no_banco
Vilde Gomes de Menezes,artigo,10.3390/ijerph23020221,"Effect of Physical Activity on Drug Expenditures for the Physical and Mental Health of Primary Care Users. International Journal of Environmental Research and Public Health, v. 23, p. 221, 2026",International Journal of Environmental Research and Public Health,ja_existia_no_banco
Saulo Fernandes Melo de Oliveira,artigo,10.5281/zenodo.16649241,"PERFIL DAS PESSOAS COM DEFICIÊNCIA NA EDUCAÇÃO FÍSICA: UMA REVISÃO INTEGRATIVA. Gestus (Vitória de Santo Antão), v. 1, p. 83-89, 2025",Gestus (Vitória de Santo Antão),ja_existia_no_banco
Leonardo Gomes de Oliveira Luz,capitulo,,"Cunha Júnior, A",,duplicata_na_planilha_nova
Rafael dos Santos Henrique,artigo,10.47197/retos.v72.113173,"Physical growth, school environment, and birth information in the physical activity of children: A multilevel analysis of ELOS-Pré study",RETOS,duplicata_na_planilha_nova
Rafael dos Santos Henrique,artigo,10.1002/ajhb.70024,"Inter-individual variability in children's physical growth and body composition: Findings of longitudinal ELOS-Pré study. AMERICAN JOURNAL OF HUMAN BIOLOGY, v. 34, p. e23697, 2022",AMERICAN JOURNAL OF HUMAN BIOLOGY,duplicata_na_planilha_nova
Daniel da Rocha Queiroz,artigo,10.47197/retos.v72.113173,"Physical growth, school environment, and birth information in the physical activity of children: a multilevel analysisCrecimiento físico, entorno escolar e información del nacimiento en la actividad física de los niños: un análisis multinivelCrescimento físico, ambiente escolar e informação sobre a atividade física infantil à nascença: uma análise multinível",RETOS,duplicata_na_planilha_nova
Rafael dos Santos Henrique,artigo,10.12820/rbafs.30e0411,Gender differences in children?s physical literacy and physical activity: a network analysis,REVISTA BRASILEIRA DE ATIVIDADE FÍSICA E SAÚDE,duplicata_na_planilha_nova
Rafael dos Santos Henrique,artigo,10.1002/ajhb.70024,"Biological maturation, fat mass and cardiorespiratory fitness in prepubescent girls: A mediation analysis. AMERICAN JOURNAL OF HUMAN BIOLOGY, v. 36, p. e24120, 2024",AMERICAN JOURNAL OF HUMAN BIOLOGY,duplicata_na_planilha_nova
Rafael dos Santos Henrique,artigo,10.1002/ajhb.70024,"Correlates of moderate-to-vigorous physical activity among prepubertal girls: a bioecological approach. AMERICAN JOURNAL OF HUMAN BIOLOGY, v. 37, p. e70024, 2025",AMERICAN JOURNAL OF HUMAN BIOLOGY,duplicata_na_planilha_nova
Leonardo Gomes de Oliveira Luz,artigo,10.1002/ajhb.70024,"Correlates of Moderate‐to‐Vigorous Physical Activity Among Prepubertal Girls: A Bioecological Approach. AMERICAN JOURNAL OF HUMAN BIOLOGY, v. 37, p. 1-5, 2025",AMERICAN JOURNAL OF HUMAN BIOLOGY,duplicata_na_planilha_nova
Leonardo Gomes de Oliveira Luz,artigo,10.1002/ajhb.70024,"Biological maturation, fat mass and cardiorespiratory fitness in prepubescent girls: A mediation analysis. AMERICAN JOURNAL OF HUMAN BIOLOGY, v. 37, p. 1, 2024",AMERICAN JOURNAL OF HUMAN BIOLOGY,duplicata_na_planilha_nova
Leonardo Gomes de Oliveira Luz,artigo,10.1186/s12955-026-02495-y,"Associations Between Physical Activity and Quality of Life in University Students during the COVID-19 Pandemic. Health and Quality of Life Outcomes, v. 1, p. 1, 2026",Health and Quality of Life Outcomes,ja_existia_no_banco
Leonardo Gomes de Oliveira Luz,artigo,10.3390/sports14020070,Physical Activity prevalence and Sex-associated factors among university students during the first year of the Covid-19 pandemic: a cross-sectional study,SPORTS,ja_existia_no_banco
Leonardo Gomes de Oliveira Luz,artigo,10.1002/ajhb.70024,"Clusters of obesogenic behaviors and metabolic risk according to somatic maturity status among adolescents. American Journal of Human Biology, v. e, p. 1, 2022",American Journal of Human Biology,duplicata_na_planilha_nova
Rafael dos Santos Henrique,artigo,10.1002/ajhb.70024,"Birth weight and nutritional status in school-age children from Boane city, Mozambique. AMERICAN JOURNAL OF HUMAN BIOLOGY, v. 36, p. e24072, 2024",AMERICAN JOURNAL OF HUMAN BIOLOGY,duplicata_na_planilha_nova
Paulo Felipe Ribeiro Bandeira,artigo,10.1002/ajhb.70024,"Compliance with the 24-h movement behaviors guidelines among urban and rural Brazilian preschoolers. American Journal of Human Biology, v. 36, p. 1-12, 2024",American Journal of Human Biology,duplicata_na_planilha_nova
Clarice Maria de Lucena Martins,artigo,10.1002/ajhb.70024,"Compliance with the 24-h movement behaviors guidelines among urban and rural Brazilian preschoolers. AMERICAN JOURNAL OF HUMAN BIOLOGY, v. 1, p. 29e:24045, 2024",AMERICAN JOURNAL OF HUMAN BIOLOGY,duplicata_na_planilha_nova
Rafael dos Santos Henrique,artigo,10.1080/02640414.2025.2540202,"Understanding the mediating role of anthropometry and body composition in the relationship between biological maturation and sport-specific performance in young swimmers. JOURNAL OF SPORTS SCIENCES, v. 43, p. 2517-2527, 2025",JOURNAL OF SPORTS SCIENCES,ja_existia_no_banco
Saulo Fernandes Melo de Oliveira,artigo,10.47197/retos.v72.113173,Equilibrio y carga plantar en diferentes técnicas de sentadilla,RETOS,duplicata_na_planilha_nova
Saulo Fernandes Melo de Oliveira,artigo,10.1080/23335432.2025.2531944,Profile of para athletes and characterization of sports injuries during the 2023 Paralympic School Games,International Biomechanics,ja_existia_no_banco
Vilde Gomes de Menezes,artigo,10.55905/oelv23n4-058,"Níveis de atividade física em pacientes hipertensos e diabéticos: um estudo na cidade de Caruaru- PE. OBSERVATORIO DE LA ECONOMÍA LATINOAMERICANA, v. 23, p. e9746, 2025",OBSERVATORIO DE LA ECONOMÍA LATINOAMERICANA,duplicata_na_planilha_nova
Pedro Pinheiro Paes Neto,artigo,10.47197/retos.v72.113173,Influence of physical activity on balance in children: a cross sectional study,RETOS,duplicata_na_planilha_nova
Rafael dos Santos Henrique,artigo,10.1080/02640414.2025.2540202,"The influence of anthropometric variables, body composition, propulsive force and maturation on 50m freestyle swimming performance in junior swimmers: An allometric approach. JOURNAL OF SPORTS SCIENCES, v. 39, p. 1615-1620, 2021",JOURNAL OF SPORTS SCIENCES,duplicata_na_planilha_nova
André dos Santos Costa,artigo,10.4025/jphyseduc.v36i1.3607,Influência dos jogos e brincadeiras ativos na cognição de crianças: uma revisão sistemática,JOURNAL OF PHYSICAL EDUCATION (ONLINE),duplicata_na_planilha_nova
André dos Santos Costa,artigo,10.12820/rbafs.30e0411,Efeitos dos jogos e brincadeiras na cognição e desempenho escolar de crianças,REVISTA BRASILEIRA DE ATIVIDADE FÍSICA E SAÚDE,duplicata_na_planilha_nova
Rafael dos Santos Henrique,artigo,10.12820/rbafs.30e0411,Fatores associados aos comportamentos ativo e sedentário em adolescentes brasileiros: uma análise de redes,REVISTA BRASILEIRA DE ATIVIDADE FÍSICA E SAÚDE,duplicata_na_planilha_nova
Vilde Gomes de Menezes,artigo,10.55905/revconv.18n.3-210,"Impacto da regulamentação do fair play financeiro na sustentabilidade económica e financeira dos clubes de futebol ? uma revisão sistemática da literatura e metanálises. CONTRIBUCIONES A LAS CIENCIAS SOCIALES, v. 18, p. 1-29, 2025",CONTRIBUCIONES A LAS CIENCIAS SOCIALES,ja_existia_no_banco
Vilde Gomes de Menezes,artigo,10.51995/2237-3373,"Indicadores da Saúde Financeira dos Clubes de Futebol Profissionais. REVISTA INTERCONTINENTAL DE GESTÃO DESPORTIVA, v. 15, p. 2-16, 2025",REVISTA INTERCONTINENTAL DE GESTÃO DESPORTIVA,ja_existia_no_banco
Vilde Gomes de Menezes,artigo,10.51995/2237-3373,"O regulamento de fair play financeiro (FFP) da UEFA: Incidência empírica de critérios do FFP no contexto dos clubes de futebol moçambicanos, 2024. REVISTA INTERCONTINENTAL DE GESTÃO DESPORTIVA, v. 15, p. 1-18, 2025",REVISTA INTERCONTINENTAL DE GESTÃO DESPORTIVA,duplicata_na_planilha_nova
Tony Meireles dos Santos,artigo,10.1080/02701367.2025.2515968,"Effect of High-Intensity Interval, Moderate-Intensity Continuous, and Self-Selected Intensity Training on Health and Affective Responses. RESEARCH QUARTERLY FOR EXERCISE AND SPORT, v. 95, p. 1-16, 2023",RESEARCH QUARTERLY FOR EXERCISE AND SPORT,duplicata_na_planilha_nova
Saulo Fernandes Melo de Oliveira,artigo,10.1590/1980-0037.2025v27e89829,Effects of wheelchair sports practice on body composition of people with spinal cord injury,Revista Brasileira de Cineantropometria e Desempenho Humano,ja_existia_no_banco
Saulo Fernandes Melo de Oliveira,artigo,10.5114/areh.2025.153216,Change of direction profile in parabadminton: the role of impairment type and anthropometric factors,Advances in Rehabilitation,ja_existia_no_banco
Rafael dos Santos Henrique,artigo,10.1016/j.clnesp.2025.11.163,Error reduction as a calibration strategy for body composition measurements: A comparison between bioelectrical impedance analysis and dual-energy X-ray absorption,CLINICAL NUTRITION ESPEN,ja_existia_no_banco
Pedro Pinheiro Paes Neto,artigo,10.26773/smj,University sports practice and its influence on sleep pattern,Sport Mont,ja_existia_no_banco
Pedro Pinheiro Paes Neto,artigo,10.47197/retos.v72.113173,"Is there an association between physical activity level, nutritional status, biological maturation, and body satisfaction in adolescents?",RETOS,duplicata_na_planilha_nova
Paulo Felipe Ribeiro Bandeira,artigo,10.3390/ijerph23020221,"How Do Health, Biological, Behavioral, and Cognitive Variables Interact over Time in Children of Both Sexes? A Complex Systems Approach. International Journal of Environmental Research and Public Health, v. 20, p. 2728-19, 2023",International Journal of Environmental Research and Public Health,duplicata_na_planilha_nova
Pedro Pinheiro Paes Neto,artigo,10.55905/cuadv17n4-164,"Osteomuscular health of physical educativo teacher working in gyms. CUADERNOS DE EDUCACIÓN Y DESARROLLO, v. 16, p. e4741-15, 2024",CUADERNOS DE EDUCACIÓN Y DESARROLLO,duplicata_na_planilha_nova
Pedro Pinheiro Paes Neto,artigo,10.47197/retos.v72.113173,Cross sectional analysis of muscular strength and flexibility during the menstrual cycle in women engaged in strength training,RETOS,duplicata_na_planilha_nova
Rafael dos Santos Henrique,artigo,10.47197/retos.v72.113173,Sibling's resemblance in health- and performance-related fitness among Brazilian youth,RETOS,duplicata_na_planilha_nova
Leonardo Gomes de Oliveira Luz,artigo,10.12820/rbafs.30e0411,Atividade física e comportamento sedentário de adolescentes da rede pública: uma análise de redesPhysical activity and sedentary behavior of adolescents in public schools: a network analysis,REVISTA BRASILEIRA DE ATIVIDADE FÍSICA E SAÚDE,duplicata_na_planilha_nova
Paulo Felipe Ribeiro Bandeira,artigo,10.12820/rbafs.30e0411,Physical activity and sedentary behavior of adolescents in public schools: a network analysis,REVISTA BRASILEIRA DE ATIVIDADE FÍSICA E SAÚDE,duplicata_na_planilha_nova
Paulo Felipe Ribeiro Bandeira,artigo,10.47197/retos.v72.113173,Sibling's resemblance in health- and performance-related fitness among Brazilian youth,RETOS,duplicata_na_planilha_nova
Leonardo Gomes de Oliveira Luz,artigo,10.47197/retos.v72.113173,Sibling's resemblance in health- and performance-related fitness among Brazilian youth,RETOS,duplicata_na_planilha_nova
Daniel da Rocha Queiroz,artigo,10.12820/rbafs.30e0411,The importance of the moderate-to-vigorous physical activity and sedentary behavior combined pattern on the association between body mass index and motor competence in children,REVISTA BRASILEIRA DE ATIVIDADE FÍSICA E SAÚDE,duplicata_na_planilha_nova
Pedro Pinheiro Paes Neto,artigo,10.1016/j.jbmt.2024.11.012,Impact of strength training on reducing risk of fractures in people living with Human Immunodeficiency virus,JOURNAL OF BODYWORK AND MOVEMENT THERAPIES,duplicata_na_planilha_nova
Pedro Pinheiro Paes Neto,artigo,10.55905/cuadv17n4-164,"Correlation between school material transportation and postural changes in elementary school students. CUADERNOS DE EDUCACIÓN Y DESARROLLO, v. 16, p. 01-13, 2024",CUADERNOS DE EDUCACIÓN Y DESARROLLO,duplicata_na_planilha_nova
Daniel da Rocha Queiroz,artigo,10.1590/1984-0462/2026/44/2025027,"Factors associated with meeting the recommendations for physical activity, sedentary behavior, and sleep in adolescents: a cross-sectional study",REVISTA PAULISTA DE PEDIATRIA (ONLINE),ja_existia_no_banco
Daniel da Rocha Queiroz,artigo,10.55905/cuadv17n4-164,"Comportamentos de Movimento de 24 horas em Crianças e Adolescentes: Protocolo de Revisão de Escopo. CUADERNOS DE EDUCACIÓN Y DESARROLLO, v. 17, p. e8190, 2025",CUADERNOS DE EDUCACIÓN Y DESARROLLO,duplicata_na_planilha_nova
Ozeas de Lima Lins Filho,artigo,10.1007/s13665-025-00396-x,"Exercise Interventions in Obstructive Sleep Apnea: Program Features and Clinical Benefits. Current Pulmonology Reports, v. 14, p. 14-31, 2025",Current Pulmonology Reports,ja_existia_no_banco
Paulo Felipe Ribeiro Bandeira,artigo,10.3390/ijerph23020221,"Sociodemographic, Behavioral and Oral Health Factors in Maternal and Child Health: An Interventional and Associative Study from the Network Perspective. International Journal of Environmental Research and Public Health, v. 18, p. 1-14, 2021",International Journal of Environmental Research and Public Health,duplicata_na_planilha_nova
Saulo Fernandes Melo de Oliveira,artigo,10.5114/areh.2025.153216,"Pain, discomfort and psychobiological factors in wheelchair tennis athletes following COVID-19 lockdowns",Advances in Rehabilitation,duplicata_na_planilha_nova
Tony Meireles dos Santos,artigo,10.4025/jphyseduc.v36i1.3607,Integration of cyberculture in physical education courses at federal universities in Northeastern Brazil,JOURNAL OF PHYSICAL EDUCATION (ONLINE),duplicata_na_planilha_nova
Leonardo Gomes de Oliveira Luz,artigo,10.47197/retos.v72.113173,Gross motor coordination in schoolboys of pubertal age contrasting in futsal practice level groups,RETOS,duplicata_na_planilha_nova
Vilde Gomes de Menezes,artigo,10.4025/jphyseduc.v36i1.3607,Integration of cyberculture in physical education courses at federal universities in Northeastern Brazil,JOURNAL OF PHYSICAL EDUCATION (ONLINE),ja_existia_no_banco
Lucas Eduardo Rodrigues dos Santos,artigo,10.4025/jphyseduc.v36i1.3607,INTEGRATION OF CYBERCULTURE IN PHYSICAL EDUCATION COURSES AT FEDERAL UNIVERSITIES IN NORTHEASTERN BRAZIL,JOURNAL OF PHYSICAL EDUCATION (ONLINE),duplicata_na_planilha_nova
Vilde Gomes de Menezes,artigo,10.55905/oelv23n4-058,"Análise da oferta de Políticas Públicas de esportes nas regiões metropolitanas do Brasil. OBSERVATORIO DE LA ECONOMÍA LATINOAMERICANA, v. 23, p. e9520, 2025",OBSERVATORIO DE LA ECONOMÍA LATINOAMERICANA,duplicata_na_planilha_nova
Pedro Pinheiro Paes Neto,artigo,10.1080/02701367.2025.2515968,"Injuries in Female Soccer Athletes: Risk of Injury Across Different Phases of the Menstrual Cycle. RESEARCH QUARTERLY FOR EXERCISE AND SPORT, v. 1, p. 1-8, 2025",RESEARCH QUARTERLY FOR EXERCISE AND SPORT,ja_existia_no_banco
Daniel da Rocha Queiroz,artigo,10.55905/cuadv17n4-164,"Relação dos indicadores de atividade física e comportamento sedentário com as dimensões do isolamento social em adolescentes. CUADERNOS DE EDUCACIÓN Y DESARROLLO, v. 17, p. e9188, 2025",CUADERNOS DE EDUCACIÓN Y DESARROLLO,duplicata_na_planilha_nova
Paulo Felipe Ribeiro Bandeira,artigo,10.1007/s11332-024-01295-5,"A multicomponent intervention program modifies the cluster of insulin biomarkers, body composition, physical fitness, and behaviors in adolescents with overweight and obesity: a network perspective",SPORT SCIENCES FOR HEALTH (TESTO STAMPATO),duplicata_na_planilha_nova
Bruno Teixeira Barbosa,livro,,Sono em Foco: Educação sobre Sono para Profissionais de Saúde,,duplicata_na_planilha_nova
André dos Santos Costa,artigo,10.3389/fspor.2025.1724991,Does mental fatigue influence the accuracy of paralympic boccia players?,Frontiers In Sports And Active Living,ja_existia_no_banco
Daniel da Rocha Queiroz,artigo,10.55905/cuadv17n4-164,"Associação entre o nível de atividade física e os domínios da síndrome de burnout em servidores da Polícia Federal do Brasil. CUADERNOS DE EDUCACIÓN Y DESARROLLO, v. 17, p. e9139, 2025",CUADERNOS DE EDUCACIÓN Y DESARROLLO,duplicata_na_planilha_nova
Daniel da Rocha Queiroz,artigo,10.55905/cuadv17n4-164,"Relação longitudinal da atividade física e do comportamento sedentário com a ansiedade e o estresse psicológico em adolescentes durante a pandemia de COVID-19. CUADERNOS DE EDUCACIÓN Y DESARROLLO, v. 17, p. e9193, 2025",CUADERNOS DE EDUCACIÓN Y DESARROLLO,duplicata_na_planilha_nova
Daniel da Rocha Queiroz,artigo,10.12820/rbafs.30e0411,Atividade física para crianças até 5 anos: Guia de Atividade Física para a População Brasileira,REVISTA BRASILEIRA DE ATIVIDADE FÍSICA E SAÚDE,duplicata_na_planilha_nova
Clarice Maria de Lucena Martins,artigo,10.12820/rbafs.30e0411,Atividade física para crianças até 5 anos: Guia de Atividade Física para a População Brasileira,REVISTA BRASILEIRA DE ATIVIDADE FÍSICA E SAÚDE,duplicata_na_planilha_nova
Lucas Eduardo Rodrigues dos Santos,artigo,10.3390/ijerph23020221,"Is There a Dose-Response Relationship between High-Intensity Interval Exercise (HIIE) Intensity and Affective Valence? Analysis of Three HIIE Sessions Performed with Different Amplitudes. International Journal of Environmental Research and Public Health, v. 20, p. 2698, 2023",International Journal of Environmental Research and Public Health,duplicata_na_planilha_nova
Tony Meireles dos Santos,artigo,10.3390/ijerph23020221,"Is There a Dose-Response Relationship between High-Intensity Interval Exercise (HIIE) Intensity and Affective Valence? Analysis of Three HIIE Sessions Performed with Different Amplitudes. International Journal of Environmental Research and Public Health, v. 20, p. 2698, 2023",International Journal of Environmental Research and Public Health,duplicata_na_planilha_nova
Paulo Felipe Ribeiro Bandeira,artigo,10.12820/rbafs.30e0411,Related-factors of social support for students? physical activity in a network perspective,REVISTA BRASILEIRA DE ATIVIDADE FÍSICA E SAÚDE,duplicata_na_planilha_nova
Rafael dos Santos Henrique,artigo,10.3390/adolescents6010009,Analysis of Factors Associated with Active and Sedentary Behaviors of Children and Adolescents Considering Bronfenbrenner?s Bioecological Theory: A Scoping Review Protocol,Adolescents,ja_existia_no_banco
Paulo Felipe Ribeiro Bandeira,artigo,10.12820/rbafs.30e0411,Effects of a randomized controlled study on the behaviors of overweight schoolchildren,REVISTA BRASILEIRA DE ATIVIDADE FÍSICA E SAÚDE,duplicata_na_planilha_nova
Vilde Gomes de Menezes,artigo,10.55905/oelv23n4-058,"Associação entre comportamento sedentário e gastos públicos com doenças crônicas em adultos e idosos não institucionalizados: uma revisão sistemática. OBSERVATORIO DE LA ECONOMÍA LATINOAMERICANA, v. 23, p. e10706, 2025",OBSERVATORIO DE LA ECONOMÍA LATINOAMERICANA,duplicata_na_planilha_nova
Vilde Gomes de Menezes,artigo,10.46642/efd.v30i324.7472,"Associação entre comportamento sedentário e custos públicos com doenças crônicas: protocolo de revisão sistemática. LECTURAS EDUCACIÓN FÍSICA Y DEPORTES, v. 30, p. 183-197, 2025",LECTURAS EDUCACIÓN FÍSICA Y DEPORTES,ja_existia_no_banco
André dos Santos Costa,artigo,10.23736/S0022-4707.25.16698-X,"Effects of daily protein intake frequency during 8 weeks of resistance training on lean mass and strength adaptations: a randomized non-controlled clinical trial. THE JOURNAL OF SPORTS MEDICINE AND PHYSICAL FITNESS, v. 65, p. 1, 2025",THE JOURNAL OF SPORTS MEDICINE AND PHYSICAL FITNESS,ja_existia_no_banco
Rafael dos Santos Henrique,artigo,10.1007/s10389-025-02533-x,Effects of resistance training interventions on physical literacy components in children and adolescents: A systematic review with meta-analysis,Journal Of Public Health-Heidelberg,ja_existia_no_banco
Pedro Pinheiro Paes Neto,artigo,10.47197/retos.v72.113173,Avaliação da satisfação dos usuários de uma academia ao ar livre como ferramenta para melhoria e aumento de adesão,RETOS,duplicata_na_planilha_nova
Tony Meireles dos Santos,artigo,10.1080/1612197x.2024.2446329,"Exercise expectation changes psychophysiological responses to sprint exercise regardless of changes in pacing and performance. INTERNATIONAL JOURNAL OF SPORT AND EXERCISE PSYCHOLOGY, v. 1, p. 1-14, 2025",INTERNATIONAL JOURNAL OF SPORT AND EXERCISE PSYCHOLOGY,ja_existia_no_banco
Paulo Felipe Ribeiro Bandeira,artigo,10.3390/ijerph23020221,"Statistical and Machine Learning Modeling of Psychological, Sociodemographic, and Physical Activity Factors Associated with Weight Regain After Bariatric Surgery. International Journal of Environmental Research and Public Health, v. 22, p. 904, 2025",International Journal of Environmental Research and Public Health,duplicata_na_planilha_nova
