excel_row,docente,ano,periodico,doi_identificado,issn_identificado,titulo_extraido_local
5,Bruno Teixeira Barbosa,,Frontiers in Psychology,,,Mental fatigue and sleep restriction effects on perceptual-cognitive performance in trained beach volleyball athletes
6,Paulo Roberto Cavalcanti Carvalho,,OBESITY SURGERY,,,Leisure-Time Physical Activity Patterns and Predictors in Patients Before and After Metabolic and Bariatric Surgery: A Cross-sectional Study
7,Melissa Leandro Celestino,,JOURNAL OF BIOMECHANICS,,,Effects of limited knee flexion movement in intra-limb gait coordination
10,Bruno Teixeira Barbosa,,HUMAN MOVEMENT SCIENCE,,,Virtual reality promotes greater improvements than video-stimulation screen on perceptual-cognitive skills in young soccer athletes
11,Daniel da Rocha Queiroz,,SCANDINAVIAN JOURNAL OF MEDICINE & SCIENCE IN SPORTS,,,The importance of body weight status on motor competence development: From preschool to middle childhood
17,Paulo Felipe Ribeiro Bandeira,,SPORTS MEDICINE,,,A Multilayer Network Model for Motor Competence from the View of the Science of Complexity
18,Lucas Eduardo Rodrigues dos Santos,,PSYCHOLOGICAL REPORTS,,,Acute Effects of Binaural Beats on Interoception in Individuals WITH Symptoms of Depression
19,Guilherme Assunção Ferreira,,EUROPEAN JOURNAL OF APPLIED PHYSIOLOGY,,,Caffeine intake reverses the impairment of sleep restriction on high-intensity exercise performance
20,Lucas Eduardo Rodrigues dos Santos,,INTERNATIONAL JOURNAL OF EXERCISE SCIENCE,,,Entropy of Heart Rate on Self-Selected Interval Exercises in Older Women
21,Lucas Eduardo Rodrigues dos Santos,,JOURNAL OF AGING AND PHYSICAL ACTIVITY,,,Effects of Self-Selected Passive Recovery Time in Interval Exercise on Perceptual and Heart Rate Responses in Older Women: A Promissory Approach
22,Lucas Eduardo Rodrigues dos Santos,,APPLIED PSYCHOPHYSIOLOGY AND BIOFEEDBACK,,,Reliability of the Heartbeat Tracking Task to Assess Interoception
24,Ozeas de Lima Lins Filho,,Sleep Science (Online),,,Are physical activity recommendations suitable for patients with obstructive sleep apnea? A systematic review with meta-analysis
26,Bruno Teixeira Barbosa,,REVISTA BRASILEIRA DE PRESCRIÇÃO E FISIOLOGIA DO EXERCÍCIO,,,Efeito de um programa de treinamento funcional na melhoria das capacidades funcionais de idosos
27,Saulo Fernandes Melo de Oliveira,,REVISTA BRASILEIRA DE FUTSAL E FUTEBOL,,,A funcao tatica causa interferencia nas caracteristicas morfologicas e metabolicas de futebolistas juniores brasileiros?
28,Tony Meireles dos Santos,,PSYCHOPHYSIOLOGY,,,"Do executive function performance, gaze behavior, and pupil size change during incremental acute physical exercise?"
29,Paulo Felipe Ribeiro Bandeira,,"Revista Interfaces: Saúde, Humanas e Tecnologia",,,INVESTIGANDO VIAS DE INTERVENCOES ENTRE COMPORTAMENTO DE MOVIMENTO 24 HORAS E FATORES SOCIODEMOGRAFICOS: APLICACAO DO ALGORITMO DIJKSTRA
32,Rafael dos Santos Henrique,,European Journal of Sport Science,,1263-1272,Plyometric training increases gross motor coordination and associated components of physical fitness in children
33,Paulo Felipe Ribeiro Bandeira,,International Journal Of Systemic Therapy,,,Patterns in Children's Digital Media Use in Early Childhood and Family Factors: A Network Perspective
34,Daniel da Rocha Queiroz,,European Journal of Sport Science,,1263-1272,Plyometric training increases gross motor coordination and associated components of physical fitness in children
35,Paulo Roberto Cavalcanti Carvalho,,Acta Ortopédica Brasileira,,,Evaluation of tenotomy in the hip subluxation treatment of children with zika syndrome
36,Paulo Felipe Ribeiro Bandeira,,Revista Interamericana de Psicología/Interamerican Journal of Psychology,,,Estudo Longitudinal sobre Saude Mental de Estudantes Universitarios e a Pandemia de COVID-19: Comparacoes e Perspectivas
37,Paulo Felipe Ribeiro Bandeira,,Mental Illness,,,A Cross-Sectional Network Analysis Study Applied to the Depression Anxiety Stress Scale-21 (DASS-21): A New Factor Revealed
38,Paulo Felipe Ribeiro Bandeira,,Applied Neuropsychology-Adult,,,Cross-cultural adaptation of the web-based executive functioning questionnaire for Brazilian sample (Webexec-BR)
41,Paulo Roberto Cavalcanti Carvalho,,Health Residences Journal,,,Promocao de atividades fisicas para idosos em tempos de COVID-19 na atencao primaria a saude: relato de experiencia
52,Tony Meireles dos Santos,,Frontiers In Pain Research,,,Mechanism-based management of taxane-induced neuropathic pain in breast cancer survivors: a critical review
54,Paulo Felipe Ribeiro Bandeira,,Autism,,,Stigma and knowledge about autism in Brazil: A psychometric and intervention study
55,Clarice Maria de Lucena Martins,,International Journal of Behavioral Nutrition and Physical Activity,,,Prevalence and sociodemographic correlates of physical activity and sitting time among South American adolescents: a harmonized analysis of nationally representative cross-sectional surveys
56,Clarice Maria de Lucena Martins,,Journal of Sport and Health Science,,,"Global prevalence and gender inequalities in at least 60 min of self-reported moderate-to-vigorous physical activity 1 or more days per week: An analysis with 707,616 adolescents"
57,Clarice Maria de Lucena Martins,,INTERNATIONAL JOURNAL OF SPORT NUTRITION AND EXERCISE METABOLISM,,,"Higher Physical Activity Is Related to Lower Neck Adiposity in Young Men, but to Higher Neck Adiposity in Young Women"
59,Saulo Fernandes Melo de Oliveira,,REVISTA BRASILEIRA DE MEDICINA DO ESPORTE (ONLINE),,,Estado de humor e percepcao da qualidade de vida de jogadores de bocha paralimpica durante a Pandemia da COVID-19
60,Saulo Fernandes Melo de Oliveira,,REVISTA BRASILEIRA DE MEDICINA DO ESPORTE (ONLINE),,,Mood States and Quality of Life in Paralympic Boccia Athetes in the COVID-19 Pandemic
63,Saulo Fernandes Melo de Oliveira,,Cuadernos de Psicología del Deporte,,,Bocha paralimpica en brasil: uso de estrategias de afrontamiento en el deporte durante la pandemia de Covid-19
64,Pedro Pinheiro Paes Neto,,Retos-Nuevas Tendencias En Educacion Fisica Deporte Y Recreacion,,,Can home-based training influence mood states and quality of life in Paralympic boccia athletes?
66,Saulo Fernandes Melo de Oliveira,,JOURNAL OF PHYSICAL EDUCATION AND SPORT,,2247806X,Comparison between q angle measurements and their relationship with knee health in women practicing and not practicing futsal
69,Melissa Leandro Celestino,,JOURNAL OF MOTOR BEHAVIOR,,,Compensatory Strategies Due to Knee Flexion Constraint during Gait of Non-Disabled Adults
70,Melissa Leandro Celestino,,BMC Biomedical Engineering,,,Identification of stiff-knee gait in stroke survivors
71,Saulo Fernandes Melo de Oliveira,,JOURNAL OF PHYSICAL EDUCATION AND SPORT,,2247806X,Effect of lower limb fatigue and performance prediction in CrossFit®
77,Melissa Leandro Celestino,,Brazilian Journal of Motor Behavior,,,Use of force plates to investigate human motor performance
78,Melissa Leandro Celestino,,MEDICAL ENGINEERING & PHYSICS,,,Gait alterations induced by unloaded body weight in individuals with stroke while walking on moveable and fixed surfaces
79,Melissa Leandro Celestino,,Brazilian Journal of Motor Behavior,,,INFOGRAPHIC: exploring gait coordination using the vector coding technique
81,Paulo Roberto Cavalcanti Carvalho,,REVISTA BRASILEIRA DE MEDICINA DO ESPORTE (ONLINE),,,Treinamento de forca e resistencia em citocinas e composicao corporal de pessoas com HIV/AIDS
84,Rafael dos Santos Henrique,,,,,Age-related differences in angle-specific change-of-direction performance in basketball: a network analysisAltersabhangige Unterschiede bei der Leistung in Bezug auf die winkelspezifische Richtungsanderung im Basketball: eine Netzwerkanalyse
85,Rafael dos Santos Henrique,,,,,Is curve sprint performance in soccer related to other speed and power abilities across age categories?
88,Clarice Maria de Lucena Martins,,Frontiers in Pediatrics,,,"Physical fitness plays a crucial mediator role in the relationship among personal, social, and lifestyle factors and children?s cognitive performance in a structural equation model"
90,Paulo Felipe Ribeiro Bandeira,,ONLINE),,,Psychometric Evidence of the Coping Inventory for Brazilian Paralympic Athletes in Competition Situations
91,Paulo Felipe Ribeiro Bandeira,,International Journal of Disability Development and Education,,,Construction and Content Validity Evidences of Coping Inventory for Brazilian Paralympic Athletes in Competition Situations
93,Paulo Felipe Ribeiro Bandeira,,"Revista Interfaces: Saúde, Humanas e Tecnologia",,1798-1807,PERCEIVED BARRIERS TO THE PRACTICE OF PHYSICAL ACTIVITY BY SCHOOL TEENAGERS: A NETWORK ANALYSIS
94,Clarice Maria de Lucena Martins,,,,,A Network Perspective on the Relationship Between Moderate to Vigorous Physical Activity and Fundamental Motor Skills in Early Childhood
95,Clarice Maria de Lucena Martins,,INTERNATIONAL JOURNAL OF ENVIRONMENTAL HEALTH RESEARCH,,,Effects of a multicomponent intervention on cardiovascular risk factors in overweight children: a randomized clinical trial in light of complex systems
96,Clarice Maria de Lucena Martins,,Applied Neuropsychology-Child,,,"Biological, behavioral, and social correlates of executive function in low-income preschoolers: Insights from the perspective of the networks"
97,Paulo Felipe Ribeiro Bandeira,,CHILD NEUROPSYCHOLOGY,,,Are there associations between sedentary time inside and outside preschools with preschoolers? executive function?
98,Paulo Felipe Ribeiro Bandeira,,Obesities,,,"Physical Activity, Sedentary Behaviour and Cardiovascular Risk Factors in Overweight Low-Income Schoolchildren: A Complex System Perspective"
99,Paulo Felipe Ribeiro Bandeira,,APPLIED NEUROPSYCHOLOGY: CHILD,,,"Biological, behavioral, and social correlates of executive function in low-income preschoolers: Insights from the perspective of the networks"
100,Paulo Felipe Ribeiro Bandeira,,INTERNATIONAL JOURNAL OF ENVIRONMENTAL HEALTH RESEARCH,,,Effects of a multicomponent intervention on cardiovascular risk factors in overweight children: a randomized clinical trial in light of complex systems
101,Paulo Felipe Ribeiro Bandeira,,Journal of Physical Activity & Health,,,A Network Perspective on the Relationship Between Moderate to Vigorous Physical Activity and Fundamental Motor Skills in Early Childhood
104,Clarice Maria de Lucena Martins,,Current Aging Science,,,"Behavioral, Sociodemographic, and Sleep Correlates of Symptoms ofDepression amongst Older Brazilian Females According to Age: A Cross-Sectional Network Analysis"
105,Paulo Felipe Ribeiro Bandeira,,INTERNATIONAL JOURNAL OF ENVIRONMENTAL HEALTH RESEARCH,,,"WEB OF TRANSFORMATIONS: impact of multicomponent intervention on the relationship between sociodemographic indicators, changes in body composition, cardiorespiratory fitness and biochemical markers in adolescents with overweight and obesity"
107,Tony Meireles dos Santos,,PHYSIOLOGY & BEHAVIOR,,,Carbohydrate mouth rinse improves performance of mentally fatigued cyclists despite null effects on psychological responses
108,Saulo Fernandes Melo de Oliveira,,Muscles,,,Muscle Activation During the Squat Performed in Different Ranges of Motion by Women
109,Paulo Felipe Ribeiro Bandeira,,Revista de Extensão da Urca,,,CLIMA DE MOTIVACAO PARA MAESTRIA EM UMA INTERVENCAO MOTORA PRE-ESCOLAR: UM RELATO DE EXPERIENCIA SOBRE AS IMPLICACOES DESSA ABORDAGEM METODOLOGICA
110,Eduardo Zapaterra Campos,,JOURNAL OF PHYSICAL EDUCATION AND SPORT,,2247806X,Evaluation of the effects of acute taurine supplementation on aerobic physical performance in active young adults
111,Pedro Pinheiro Paes Neto,,JOURNAL OF PHYSICAL EDUCATION AND SPORT,,2247806X,Evaluation of the effects of acute taurine supplementation on aerobic physical performance in active young adults
117,Paulo Felipe Ribeiro Bandeira,,"Revista Interfaces: Saúde, Humanas e Tecnologia",,6050-6061,RELACOES ENTRE PRATICA DE ATIVIDADE FISICA NA INFANCIA/ADOLESCENCIA COM A COMPETENCIA FISICA PERCEBIDA E NIVEL DE ATIVIDADE FISICA NA VIDA ADULTA: UMA ANALISE DE REDES
118,Daniela Karina da Silva Ferreira,,EDUCACIÓN FÍSICA Y CIENCIA,,,Exerci­cios Fi­sicos para Mulheres com Varizes: Treinar condicionamento geral ou membros inferiores?
119,Daniela Karina da Silva Ferreira,,JORNAL VASCULAR BRASILEIRO (IMPRESSO),,,Aplicabilidade do teste do degrau na avaliacao da aptidao fisica de mulheres com sintomas de doenca venosa cronica: estudo transversal
121,Pedro Pinheiro Paes Neto,,Scientific Journal of Sport and Performance,,,"Effects of physical activity on levels of anxiety, depression, and stress during the social isolation caused by COVID-19"
123,Paulo Roberto Cavalcanti Carvalho,,JOURNAL OF PHYSICAL EDUCATION AND SPORT,,2247806X,Impact of short-term circuit resistance training on women with severe obesity awaiting bariatric surgery : A non-randomized controlled trial
124,Paulo Roberto Cavalcanti Carvalho,,OBESITY SURGERY,,,Prevalence of perceived barriers to physical activity among Pre- and Post-metabolic and Bariatric Surgery patients: A cross-sectional
125,Paulo Roberto Cavalcanti Carvalho,,Revista Brasileira de Qualidade de Vida (RBQV),,,"Nivel de atividade fisica, sintomas depressivos e qualidade de vida de pessoas vivendo com HIV/AIDS durante a COVID-19-19"
127,Tony Meireles dos Santos,,Human Movement,,,"Acute effect of intensity and volume during strength training on sensation of pleasure, rating of perceived exertion, and pain in trained men"
133,Paulo Felipe Ribeiro Bandeira,,Saúde Coletiva,,,Autism Spectrum Disorder and Assistive Technologies in Primary Care: An Integrative Review
134,Ozeas de Lima Lins Filho,,Jornal Brasileiro de Pneumologia (Online),,,Sleep quality in COPD patients: correlation with disease severity and health status
138,Paulo Felipe Ribeiro Bandeira,,Brazilian Journal of Motor Behavior,,,"Relationships among motor competence, self-perceived competence and aggressive behavior differ between boys and girls aged 7 to 10: a network perspective"
140,Pedro Pinheiro Paes Neto,,JOURNAL OF PHYSICAL EDUCATION AND SPORT,,2247806X,Relationship between sleep quality and recovery levels in young swimmers
141,Pedro Pinheiro Paes Neto,,JOURNAL OF PHYSICAL EDUCATION AND SPORT,,2247806X,The impact of sleep during the tapering period on young swimmers: A scientific investigation
142,Saulo Fernandes Melo de Oliveira,,REVISTA BRASILEIRA DE MEDICINA DO ESPORTE (ONLINE),,,"RESPOSTAS DO SONO DE JOVENS NADADORES AS CARGAS DE TREINAMENTO E RECUPERACAO, DURANTE O POLIMENTO"
143,Paulo Roberto Cavalcanti Carvalho,,Brazilian Journal of Surgery and Clinical Research,,,"The oretical advances on ameloblastoma in aspects related to diagnosis, treatment and clinical variants"
147,Guilherme Assunção Ferreira,,SCANDINAVIAN JOURNAL OF MEDICINE & SCIENCE IN SPORTS,,,Airflow restriction mask induces greater central fatigue after a non-exhaustive high-intensity interval exercise
148,Paulo Felipe Ribeiro Bandeira,,SEIZURE-EUROPEAN JOURNAL OF EPILEPSY,,,Beliefs and attitudes towards child epilepsy: A structural equation model
150,Paulo Felipe Ribeiro Bandeira,,CHILD NEUROPSYCHOLOGY,,,Evidence of validity of the Head-Toes-Knees-Shoulders Revised (HTKS-R) for Brazilian children
151,André dos Santos Costa,,PRAXIA - REVISTA ON LINE DE EDUCAÇÃO FÍSICA DA UEG,,,Efeitos da atividade fisica e Indice de Massa Corporal sob o ciclo menstrual em adolescentes: uma revisao da literatura
152,André dos Santos Costa,,REVISTA CEREUS,,,"Disturbios no ciclo menstrual, estado nutricional e nivel de atividade fisica de adolescentes: Um estudo transversal observacional"
153,Clarice Maria de Lucena Martins,,Physical Education and Sport Pedagogy,,,Physical activity during school-time and fundamental movement skills: a study among preschoolers with and without physical education classes
154,André dos Santos Costa,,REVISTA CEREUS,,,Influencia da atividade fisica na prevalencia da Sindrome pre-menstrual em adolescentes
156,Guilherme Assunção Ferreira,,CRITICAL REVIEWS IN FOOD SCIENCE AND NUTRITION,,,Is caffeine mouth rinsing an effective strategy to improve physical and cognitive performance? A systematic review
157,Eduardo Zapaterra Campos,,Human Movement,,,Influence of the exercise intensity during EA Sport Active 2 on physiology and psychology variables
158,André dos Santos Costa,,Human Movement,,,Influence of the exercise intensity during EA Sport Active 2 on physiology and psychology variables
160,André dos Santos Costa,,Human Movement,,,Criterion validity and accuracy of a heart rate monitor
162,Tony Meireles dos Santos,,Human Movement,,,Criterion validity and accuracy of a heart rate monitor
163,Eduardo Zapaterra Campos,,Human Movement,,,Criterion validity and accuracy of a heart rate monitor
164,Tony Meireles dos Santos,,Human Movement,,,Influence of the exercise intensity during EA Sport Active 2 on physiology and psychology variables
165,Lucas Eduardo Rodrigues dos Santos,,Human Movement,,,Influence of the exercise intensity during EA Sport Active 2 on physiology and psychology variables
166,Saulo Fernandes Melo de Oliveira,,"RESEARCH, SOCIETY AND DEVELOPMENT",,,"Politica, Biosseguranca, Jogos Olimpicos e Paralimpicos Toquio 2020"
170,Paulo Roberto Cavalcanti Carvalho,,FRONTIERS IN MEDICINE,,,Sarcopenia in Non-Dialysis Chronic Kidney Disease Patients: Prevalence and Associated Factors
172,Rafael dos Santos Henrique,,CLINICAL NUTRITION,,2410-2411,Comment on ¿A high periconceptional maternal ultra-processed food consumption impairs embryonic growth: The Rotterdam periconceptional cohort¿ clinical nutrition 2022
174,Rafael dos Santos Henrique,,European Journal Of Investigation In Health Psychology And Education,,1082-1096,Physical Exercise Decreases Endoplasmic Reticulum Stress in Central and Peripheral Tissues of Rodents: A Systematic Review
175,Tony Meireles dos Santos,,BRAIN RESEARCH,,,Undernutrition modulates endoplasmic reticulum stress genes in the hippocampus of juvenile rats: Involvement of oxidative stress
176,Tony Meireles dos Santos,,INTERNATIONAL JOURNAL OF MOLECULAR SCIENCES,,,Cytokines and Immune Cells Profile in Different Tissues of Rodents Induced by Environmental Enrichment: Systematic Review
177,Bruno Teixeira Barbosa,,CURRENT PSYCHOLOGY,,1785-1793,Effect of mental fatigue on decision-making skill during simulated congested match schedule in professional soccer athletes
178,Paulo Felipe Ribeiro Bandeira,,Journal of Physical Activity & Health,,,Inequities in Access: Public Open Spaces and Physical Activity Disparities Among Brazilian Preschoolers in Vulnerable Communities
182,Tony Meireles dos Santos,,Human Movement,,,Validity of the Borg 6-20 categories obtegories obtained in incremental testing for prescribing aerobic exercise intensity: a systematic review
183,Eduardo Zapaterra Campos,,Human Movement,,,Validity of the Borg 6-20 categories obtegories obtained in incremental testing for prescribing aerobic exercise intensity: a systematic review
184,Pedro Pinheiro Paes Neto,,SOCCER AND SOCIETY,,,"CONSEQUENCES OF COVID-19 PREVENTIVE MEASURES ON ANXIETY, STRESS AND DEPRESSION IN FOOTBALL ATHLETES"
185,Pedro Pinheiro Paes Neto,,Journal Of Functional Morphology And Kinesiology,,,Single-Leg Balance and Lower Limb Strength: Quantitative Analysis with the Balance Master System
189,André dos Santos Costa,,ESTUDOS DE PSICOLOGIA,,,Spatial incompatibility training can prevent the ocurrence of the enhanced Simon effect in elderly
190,Paulo Roberto Cavalcanti Carvalho,,MOTRICIDADE (SANTA MARIA DA FEIRA),,,"Quality of life, physical activity, and socieconomic status of candidates to Bariatric Surgery: Cross-sectional study"
191,Daniela Karina da Silva Ferreira,,"Revista Interfaces: Saúde, Humanas e Tecnologia",,6574-6588,TREINAMENTO DE FORCA PARA INDIVIDUOS ACIMA DE 45 ANOS COM DIAGNOSTICO DE OSTEOPOROSE: UM ESTUDO DE REVISAO
192,Tony Meireles dos Santos,,EUROPEAN JOURNAL OF APPLIED PHYSIOLOGY,,1795-1796,"?s (2020) Isokinetic eccentric exercise substantially improves mobility, muscle strength, and size, but not postural sway metrics in older adults with limited regression observed following a detraining period"
196,Pedro Pinheiro Paes Neto,,ARCHIVOS DE MEDICINA DEL DEPORTE,,,Effect of strength training on people with HIV and immunometabolic disorders
199,Eduardo Zapaterra Campos,,Frontiers in Physiology,,,"Photobiomodulation 30 min or 6 h Prior to Cycling Does Not Alter Resting Blood Flow Velocity, Exercise-Induced Physiological Responses or Time to Exhaustion in Healthy Men"
203,Bruno Teixeira Barbosa,,PERCEPTUAL AND MOTOR SKILLS,,2161-2176,Young Basketball Players? Multiple Object Tracking Skills Were Unaffected by Stroop-Induced Mental Fatigue
205,Bruno Teixeira Barbosa,,PSYCHOLOGY OF SPORT AND EXERCISE,,,Do prolonged social media use or cognitive tasks impair neuroelectric and visuomotor performance in taekwondo athletes? A randomized and controlled trial
209,Paulo Felipe Ribeiro Bandeira,,Journal of Exercise Science & Fitness,,,"A network analysis involving mental difficulties, cognition, physical fitness, 24-hour movement components, fatness, and sociodemographic factors in children"
210,Saulo Fernandes Melo de Oliveira,,JOURNAL OF PHYSICAL EDUCATION AND SPORT,,2247806X,Single marker method to estimate center-of-mass velocity during vertical jumps
211,Saulo Fernandes Melo de Oliveira,,Revista Brasileira de Ciências do Esporte,,,Contribuicoes da velocidade resultante sobre o desempenho de lancadores de disco paralimpicos classes F-44 e F-46
212,Paulo Felipe Ribeiro Bandeira,,REVISTA DE CIENCIAS DE LA ACTIVIDAD FÍSICA,,,Associacao entre comportamentos de movimento 24 horas e ansiedade em criancas apos o isolamento social
213,Guilherme Assunção Ferreira,,JOURNAL OF THE AMERICAN COLLEGE OF NUTRITION,,,Extract Increases Oxygen Uptake without Changes in Neuromuscular Fatigue Development during a High-Intensity Interval Exercise
214,Guilherme Assunção Ferreira,,BRAZILIAN JOURNAL OF MEDICAL AND BIOLOGICAL RESEARCH,,,Caffeine intake reduces sedentary time and increases physical activity predisposition in obese police officers
216,Tony Meireles dos Santos,,Frontiers in Immunology,,,"The Relevance of a Physical Active Lifestyle and Physical Fitness on Immune Defense: Mitigating Disease Burden, With Focus on COVID-19 Consequences"
217,Eduardo Zapaterra Campos,,Frontiers in Immunology,,,"The Relevance of a Physical Active Lifestyle and Physical Fitness on Immune Defense: Mitigating Disease Burden, With Focus on COVID-19 Consequences"
218,Paulo Roberto Cavalcanti Carvalho,,Frontiers in Immunology,,,The impact of supervised physical exercise on chemokines and cytokines in recovered COVID-19 patients
222,Bruno Teixeira Barbosa,,,,,Playing videogames or using social media applications on smartphones causes mental fatigue and impairs decision-making performance in amateur boxers
223,Bruno Teixeira Barbosa,,PERCEPTUAL AND MOTOR SKILLS,,2745-2766,"Effects of Mental Fatigue Induced by Social Media Use on Volleyball Decision-Making, Endurance, and Countermovement Jump Performance"
229,André dos Santos Costa,,REVISTA CEREUS,,,"Nivel de Atividade Fisica, Consumo Alimentar, Estresse e Sinais e Sintomas de Disbiose Intestinal em Pos-graduandos em Educacao Fisica Durante a Pandemia do COVID-19"
233,Pedro Pinheiro Paes Neto,,Journal of Physical Education,,,Reliability of the high-speed camera-based system (HSC-KINOVEA) for lower-limb explosive strength endurance assessment in athletes
234,Saulo Fernandes Melo de Oliveira,,Motricidade,,,Reasons for adhering to the practice of paralympic athletics in adults with physical disabilities
239,Leonardo Gomes de Oliveira Luz,,Journal of Human Kinetics,,,Age and maturity effects on morphological and physical performance measures of adolescent judo athletes
244,Tony Meireles dos Santos,,Retos-Nuevas Tendencias En Educacion Fisica Deporte Y Recreacion,,,Psychometric properties of the Knowledge and Understanding Questionnaire of the Canadian Assessment of Physical Literacy-2 in low-income Brazilian children
247,Paulo Felipe Ribeiro Bandeira,,REVISTA BRASILEIRA DE SEXUALIDADE HUMANA,,,O USO DE PRESERVATIVO EM UNIVERSITARIOS(AS) BRASILEIROS(AS)
250,Paulo Felipe Ribeiro Bandeira,,Psychological Test Adaptation and Development,,,Cross-Cultural Adaptation of the Short Dark Tetrad (SD4) in the Brazilian Context
251,Paulo Felipe Ribeiro Bandeira,,PERSONALITY AND INDIVIDUAL DIFFERENCES,,,Revisiting the Short Dark Tetrad in Brazil: Evidence for a five-factor model using network psychometrics
252,Paulo Felipe Ribeiro Bandeira,,Geosciences,,,"A Network Perspective of the Ecosystem?s Health Provision Spectrum in the Tourist Trails of UNESCO Global Geoparks: Santo Sepulcro and Riacho do Meio Trails, Araripe UGG (NE of Brazil)"
256,Paulo Roberto Cavalcanti Carvalho,,REVISTA BAIANA DE SAÚDE PÚBLICA (ONLINE),,,Estrategias e acoes de cuidado no programa Academia da Cidade durante a pandemia de covid-19: relato de experiencia
257,Rafael dos Santos Henrique,,JOURNAL OF MOTOR LEARNING AND DEVELOPMENT,,,Motor Competence Assessment in Low-Income Brazilian Children: Factorial Structure and Concurrent Validity
258,Paulo Felipe Ribeiro Bandeira,,JOURNAL OF MOTOR LEARNING AND DEVELOPMENT,,,Motor Competence Assessment in Low-Income Brazilian Children: Factorial Structure and Concurrent Validity
259,Leonardo Gomes de Oliveira Luz,,JOURNAL OF MOTOR LEARNING AND DEVELOPMENT,,,Motor Competence Assessment in Low-Income Brazilian Children: Factorial Structure and Concurrent Validity
260,Tony Meireles dos Santos,,European Journal of Sport Science,,,Correlation between economy/efficiency and mountain biking cross-country race performance
261,Rafael dos Santos Henrique,,eLife,10.7554/eLife.6,,Heterogeneous contributions of change in population distribution of body mass index to change in obesity and underweight
263,Paulo Felipe Ribeiro Bandeira,,Rev Rene,,,"Traducao, adaptacao transcultural e validacao de um inquerito de saude bucal para gestantesTranslation, cross-cultural adaptation, and validation of an oral health survey for pregnant women"
267,Paulo Felipe Ribeiro Bandeira,,JOURNAL OF MOTOR LEARNING AND DEVELOPMENT,,,Spaced Use of Social Media Apps Among Motor Practice Trials Impacts Performance Without Influencing Mental Fatigue and Motor Learning
268,André dos Santos Costa,,Acta Biologica Brasiliensia,,,"ASSOCIACAO ENTRE OS NIVEIS DE ATIVIDADE FISICA E ANSIEDADE, ESTRESSE E DEPRESSAO EM PACIENTES COM TRANSTORNO OBSESSIVO COMPULSIVOASSOCIATION BETWEEN LEVELS OF PHYSICAL ACTIVITY AND ANXIETY, STRESS, AND DEPRESSION IN PATIENTS WITH OBSESSIVE-COMPULSIVE DISORDER"
269,Ozeas de Lima Lins Filho,,Revista da Associação Brasileira de Atividade Motora Adaptada,,,RESILIENCIA EM ATLETAS PARALIMPICOS DE ATLETISMO: UM ESTUDO COMPARATIVO
270,Clarice Maria de Lucena Martins,,SCANDINAVIAN JOURNAL OF MEDICINE & SCIENCE IN SPORTS,,,24-hour movement behaviours and fitness in preschoolers: a compositional and isotemporal reallocation analysis
271,Clarice Maria de Lucena Martins,,SCIENCE & SPORTS,,,A bibliometric analysis of physical activity interventions and cognition in children and adolescents
272,Paulo Felipe Ribeiro Bandeira,,Infant and Child Development (Print),,,Evidence of the validity of the child self-regulation & behaviour questionnaire for the Brazilian context
273,Clarice Maria de Lucena Martins,,BMC Pediatrics,,,The relative age effect on fundamental movement skills in Chinese children aged 3-5 years
276,André dos Santos Costa,,REVISTA BRASILEIRA DE PRESCRIÇÃO E FISIOLOGIA DO EXERCÍCIO,,,"Efeitos de duas estrategias nutricionais associadas ao treinamento de forca sobre parametros antropometricos, composicao corporal e consumo alimentar em idosas: estudo randomizado controlado"
279,Leonardo Gomes de Oliveira Luz,,BMC PUBLIC HEALTH,,,What are the correlates of intention to be physically active in Brazilian adolescents? A network analysis
280,Paulo Felipe Ribeiro Bandeira,,BMC PUBLIC HEALTH,,,What are the correlates of intention to be physically active in Brazilian adolescents? A network analysis
282,Paulo Roberto Cavalcanti Carvalho,,REVISTA ELETRÔNICA ACERVO EM SAÚDE,,,Analise dos espacos publicos para pratica de atividade fisica no Distrito Sanitario II do RECIFE/PE
289,André dos Santos Costa,,Revista Brasileira de Educação Física e Esporte,,,Ansiedade-Estado Competitiva em Atletas Profissionais e Amadoras de Futebol Feminino
290,Bruno Teixeira Barbosa,,Applied Neuropsychology-Adult,,,"Effects of smartphone use before resistance exercise on inhibitory control, heart rate variability, and countermovement jump"
291,Saulo Fernandes Melo de Oliveira,,JOURNAL OF PHYSICAL EDUCATION AND SPORT,,2247806X,"Examining strength, muscular power, and maximal performance in the power clean among CrossFit® practitioners"
292,Ozeas de Lima Lins Filho,,Sleep Science (Online),,,ASSOCIATION BETWEEN SLEEP QUALITY AND CARDIAC AUTONOMIC MODULATION IN ADOLESCENTS: A CROSS SECTIONAL STUDY
293,Ozeas de Lima Lins Filho,,JOURNAL OF HYPERTENSION,,,Effect of 12-week high-intensity interval training on hemodynamic variables at rest and during exercise in patients with obstructive sleep apnoea
294,Ozeas de Lima Lins Filho,,Jornal Brasileiro de Pneumologia (Online),,,"Jornal Brasileiro de Pneumologia (Online), v"
296,Rafael dos Santos Henrique,,,,,Examining the Effects of Strength Training with Load Progression on Sleep Parameters and Mental Health in College Students
300,Leonardo Gomes de Oliveira Luz,,Revista de Educação Física,,,How to be physically active undersocial distancing? You need to exercise!
305,Paulo Felipe Ribeiro Bandeira,,ETHNOSCIENTIA,,,RECURSOS NATURAIS COMO ALTERNATIVA TERAPEUTICA EM UMA PERSPECTIVA DE GENEROS E URBANIZACAO
307,Saulo Fernandes Melo de Oliveira,,Revista Andaluza de Medicina Del Deporte,,,Efectos de la practica de artes marciales en personas con discapacidad intelectual: una revision sistematica
308,Ozeas de Lima Lins Filho,,BLOOD PRESSURE MONITORING,,,Prevalence of masked hypertension evaluated by home blood pressure monitoring in a large sample of patients with office blood pressure <140/90 mmHg
311,Leonardo Gomes de Oliveira Luz,,Human Movement,,,Generic motor tests as tools to identify sports talent: a systematic review
312,Rafael dos Santos Henrique,,JOURNAL OF MOTOR LEARNING AND DEVELOPMENT,,,"Age- and Sex-Specific Percentile Curves for the Test of Gross Motor Development From 7,263 Children Aged 3-5 Years From 13 Countries"
313,Paulo Felipe Ribeiro Bandeira,,,,,Identifying Fundamental Motor Skills Building Blocks in Preschool Children From Brazil and the United States: A Network Analysis
315,Clarice Maria de Lucena Martins,,,,,"The combination of three movement behaviours is associated with object control skills, but not locomotor skills, in preschoolers"
316,Clarice Maria de Lucena Martins,,,,,School-Time Movement Behaviors and Fundamental Movement Skills in Preschoolers: An Isotemporal Reallocation Analysis
318,Rafael dos Santos Henrique,,SPORTS MEDICINE,,,Motor Competence and Body Mass Index in the Preschool Years: A Pooled Cross-Sectional Analysis of 5545 Children from Eight Countries
319,Paulo Felipe Ribeiro Bandeira,,SPORTS MEDICINE,,,Motor Competence and Body Mass Index in the Preschool Years: A Pooled Cross-Sectional Analysis of 5545 Children from Eight Countries
320,Paulo Felipe Ribeiro Bandeira,,JOURNAL OF MOTOR LEARNING AND DEVELOPMENT,,,Motor Competence as Key to Support Healthy Development of 3- to 5-Year-Old Children: An Expert Statement on Behalf of the International Motor Development Research Consortium
321,Rafael dos Santos Henrique,,SCANDINAVIAN JOURNAL OF MEDICINE & SCIENCE IN SPORTS,,,Sex differences in 3¿ to 5¿year¿old children's motor competence: A pooled cross¿sectional analysis of 6241 children
322,Paulo Felipe Ribeiro Bandeira,,SCANDINAVIAN JOURNAL OF MEDICINE & SCIENCE IN SPORTS,,,Sex differences in 3- to 5-year-old children's motor competence: A pooled cross-sectional analysis of 6241 children
323,Paulo Felipe Ribeiro Bandeira,,JOURNAL OF MOTOR LEARNING AND DEVELOPMENT,,,"Age- and Sex-Specific Percentile Curves for the Test of Gross Motor Development From 7,263 Children Aged 3-5 Years From 13 Countries"
324,Paulo Felipe Ribeiro Bandeira,,EUROPEAN JOURNAL OF PEDIATRICS,,,"The combination of three movement behaviours is associated with object control skills, but not locomotor skills, in preschoolers"
326,Clarice Maria de Lucena Martins,,SPORTS MEDICINE,,,Motor Competence and Body Mass Index in the Preschool Years: A Pooled Cross-Sectional Analysis of 5545 Children from Eight Countries
327,Clarice Maria de Lucena Martins,,JOURNAL OF MOTOR LEARNING AND DEVELOPMENT,,,Identifying Fundamental Motor Skills Building Blocks in Preschool Children From Brazil and the United States: A Network Analysis
328,Saulo Fernandes Melo de Oliveira,,,,,Effect of Fatigue and Graded Running on Kinematics and Kinetics Parameters in Triathletes
330,André dos Santos Costa,,Revista Brasileira de Educação Física e Esporte,,,Efeito de 12 Semanas do Futebol Recreativo nas Funcoes Executivas e na Funcionalidade em Idosos
336,Saulo Fernandes Melo de Oliveira,,Revista da Associação Brasileira de Atividade Motora Adaptada,,,CORRELACOES ENTRE A CINEMATICA E CINETICA PROPULSIVA EM UM TESTE COM DINAMOMETRO COMPACTO DE CADEIRAS DE RODAS: UM ESTUDO PILOTO
337,Guilherme Assunção Ferreira,,Brazilian Journal of Medical and Biological Research (on line),,,Self-reported carbohydrate supercompensation and supplementation strategies adopted by Olympic triathlon athletes
345,Daniel da Rocha Queiroz,,Journal of Physical Activity & Health,,,Physical Activity Guidelines for the Brazilian Population: Recommendations Report
346,Saulo Fernandes Melo de Oliveira,,Muscles,,,Analysis of Muscle Strength and Electromyographic Activity during Different Deadlift Positions
348,Eduardo Zapaterra Campos,,INTERNATIONAL JOURNAL OF EXERCISE SCIENCE,,1007-1018,"Acute Low-Dose Capsiate Supplementation Improves Upper Body Resistance Exercise Performance in Trained Men: A Randomized, Crossover and Double-Blind Study"
350,André dos Santos Costa,,EDUCACIÓN FÍSICA Y CIENCIA,,,Percepcao de Professores e Alunos sobre o uso de Tecnologias Interativas nas aulas de Educacao Fisica
358,Rafael dos Santos Henrique,,NATURE,,,Diminishing benefits of urban living for children and adolescents? growth and development
359,Rafael dos Santos Henrique,,LANCET,,,"Worldwide trends in underweight and obesity from 1990 to 2022: a pooled analysis of 3663 population- representative studies with 222 million children, adolescents, and adults"
365,Eduardo Zapaterra Campos,,INTERNATIONAL JOURNAL OF EXERCISE SCIENCE,,,Two Different Approaches to Dry-land Training Do Not Improve the Water Performance of Swimmers
367,Tony Meireles dos Santos,,European Journal of Sport Science,,,Acute affective responses to high-intensity interval exercise: implications on the use of different stimulus-recovery amplitudes
368,Vilde Gomes de Menezes,,REVISTA BRASILEIRA DE EDUCAÇÃO,,2015-2019,Agenda de pesquisa em programas de pos-graduacao (stricto sensu) na tematica Educacao em Saude no periodo 2015-2019
370,Saulo Fernandes Melo de Oliveira,,JOURNAL OF HUMAN SPORT AND EXERCISE,,,Content Validation and Inter-rater Reliability of a Protocol for The Precision Assessment of Boccia Players
371,Saulo Fernandes Melo de Oliveira,,Revista Andaluza de Medicina Del Deporte,,,Reprodutibilidade teste-reteste de uma bateria de avaliacao motora para jogadores de bocha paralimpica
372,Saulo Fernandes Melo de Oliveira,,Revista da Associação Brasileira de Atividade Motora Adaptada,,,A ADIPOSIDADE CORPORAL E A AMPLITUDE ARTICULAR DE OMBROS PODEM INFLUENCIAR NO DESEMPENHO DA FORCA EXPLOSIVA DOS MEMBROS SUPERIORES EM LANCADORES PARALIMPICOS?
373,Saulo Fernandes Melo de Oliveira,,,,,Para Powerlifting Performance: A Systematic Review
374,Saulo Fernandes Melo de Oliveira,,REVISTA BRASILEIRA DE MEDICINA DO ESPORTE (ONLINE),,,Protocolo para avaliacao da precisao de jogadores de bocha paralimpica
376,Vilde Gomes de Menezes,,134181,10.22456/2595-4377.134181,2595-4377,Educacao fisica e cibercultura em Escolas de Referencia em Ensino Medio (EREM) da regiao metropolitana do Recife -PE
377,Rafael dos Santos Henrique,,European Journal of Sport Science,,,"Anthropometric variables, propulsive force and biological maturation: A mediation analysis in young swimmers"
378,Daniel da Rocha Queiroz,,European Journal of Sport Science,,,"Anthropometric variables, propulsive force and biological maturation: A mediation analysis in young swimmers"
380,Saulo Fernandes Melo de Oliveira,,,,,"Heart rate, oxygen uptake, and energy expenditure response of an SL3 class parabadminton athlete to a progressive test and simulated training session: a case study"
385,Lucas Eduardo Rodrigues dos Santos,,Frontiers in Immunology,,,"The Relevance of a Physical Active Lifestyle and Physical Fitness on Immune Defense: Mitigating Disease Burden, With Focus on COVID-19 Consequences"
386,Rafael dos Santos Henrique,,Children-Basel,,,The Similarity degree of the anthropometric and body compo-sition variables of Brazilian and Mozambican schoolchildren: a new approach using Smoothed Jaccard Index Surface
391,Vilde Gomes de Menezes,,Revista peruana de atividade física e ciências do esporte,,1297-1306,Plan de estudios de los cursos de educacion fisica en Brasil y la formacion de profesionales en el perfil de los gestores deportivos
394,Vilde Gomes de Menezes,,Revista Brasileira de Educação Física e Esporte,,,Historia de vida de ex-jogadores profissionais de futebol em Pernambuco: sonho e influencia parental
398,Tony Meireles dos Santos,,JOURNAL OF SPORTS MEDICINE AND PHYSICAL FITNESS,,,Effect of active versus passive recovery on performance-related outcome during high-intensity interval exercise
400,Clarice Maria de Lucena Martins,,SCIENCE & SPORTS,,,A six-month multicomponent intervention improves Down syndrome adolescents? physical fitness
401,Paulo Felipe Ribeiro Bandeira,,SCIENCE & SPORTS,,,A six-month multicomponent intervention improves Down syndrome adolescents? physical fitness
402,Pedro Pinheiro Paes Neto,,Revista Peruana de la Actividad Fisica y del Deporte,,,Plan de estudios de los cursos de educacion fisica en Brasil y la formacion de profesionales en el perfil de los gestores deportivos
408,Rafael dos Santos Henrique,,Perceptual and Motor Skills,,,Do individual and school characteristics influence the siblings resemblance of gross motor coordination among Brazilian youth?
409,Leonardo Gomes de Oliveira Luz,,PERCEPTUAL AND MOTOR SKILLS,,,Do Individual and School Characteristics Influence the Siblings' Resemblance of Gross Motor Coordination Among Brazilian Youth?
411,Daniel da Rocha Queiroz,,CADERNOS DE SAÚDE PÚBLICA,,,"Consumo de alcool e drogas ilicitas e envolvimento de adolescentes em violencia fisica em Pernambuco, Brasil"
412,Paulo Felipe Ribeiro Bandeira,,German Journal Of Exercise And Sport Research,,,Altersabhangige Unterschiede bei der Leistung in Bezug auf die winkelspezifische Richtungsanderung im Basketball: eine Netzwerkanalyse
413,Paulo Felipe Ribeiro Bandeira,,INTERNATIONAL JOURNAL OF ENVIRONMENTAL HEALTH RESEARCH,,,"24-hour movement components, cardiorespiratory fitness and cardiometabolic risk in children: a network perspective"
414,Rafael dos Santos Henrique,,REVISTA CIÊNCIAS EM SAÚDE,,,Food consumption among adolescents and biological and adiposity outcomes
415,Clarice Maria de Lucena Martins,,Physical Activity Review,,,Effects of high-intensity interval training on executive functions in children and adolescents: A Systematic Review and Meta-analysis
416,Clarice Maria de Lucena Martins,,ADVANCES IN PHYSICAL EDUCATION,,,Effectiveness of High-Intensity Games versus Moderate-Intensity Games on Cardiorespiratory Fitness and Anthropometric Variables in Children
417,Paulo Felipe Ribeiro Bandeira,,ONLINE),,,Impactos do avanco da pandemia de COVID-19 na saude mental de profissionais de saude
418,Pedro Pinheiro Paes Neto,,EDUCACIÓN FÍSICA Y CIENCIA,,,COVID-19 E SUAS CONSEQUENCIAS NA RETOMADA DA PRATICA DO EXERCICIO FISICO
419,Paulo Felipe Ribeiro Bandeira,,Escritos de Psicología - Psychological Writings,,,Changes in children’s pattern of digital media use and parental variables during the COVID-19 pandemic
424,Tony Meireles dos Santos,,PSYCHOLOGICAL REPORTS,,,Acute Effects of Binaural Beats on Interoception in Individuals WITH Symptoms of Depression
425,Tony Meireles dos Santos,,INTERNATIONAL JOURNAL OF EXERCISE SCIENCE,,,Reliability of time to exhaustion above the power output at VOpeak in trained mountain bikers
430,Leonardo Gomes de Oliveira Luz,,Children-Basel,,,"Associations between biological maturation, chronological age, body mass index, sex, and motor competence in prepubertal children: a network analysis"
431,Paulo Felipe Ribeiro Bandeira,,Children-Basel,,,"Associations between Biological Maturation, Chronological Age, Body Mass Index, Sex, and Motor Competence in Prepubertal Children: A Network Analysis"
432,Paulo Felipe Ribeiro Bandeira,,,,,"The Test of Gross Motor Development-Third Edition: A Bifactor Model, Dimensionality, and Measurement Invariance"
433,Paulo Felipe Ribeiro Bandeira,,JOURNAL OF MOTOR LEARNING AND DEVELOPMENT,,,"The Korperkoordinations Test Fur Kinder for Iranian Youth: Factor Structure, Measurement Invariance, and Covariates"
434,Clarice Maria de Lucena Martins,,PERCEPTUAL AND MOTOR SKILLS,,,Investigating the Construct Validity and Reliability of the Test of Motor Competence Across Iranians? Lifespan
435,Clarice Maria de Lucena Martins,,JOURNAL OF MOTOR LEARNING AND DEVELOPMENT,,,"The Korperkoordinations Test Fur Kinder for Iranian Youth: Factor Structure, Measurement Invariance, and Covariates"
436,Paulo Felipe Ribeiro Bandeira,,PERCEPTUAL AND MOTOR SKILLS,,,Investigating the Construct Validity and Reliability of the Test of Motor Competence Across Iranians? Lifespan
442,Paulo Felipe Ribeiro Bandeira,,PERCEPTUAL AND MOTOR SKILLS,,,The Acute Effects of Walking With Blood Flow Restriction on Learning of a Visuomotor Tracking Task
443,Clarice Maria de Lucena Martins,,REVISTA BRASILEIRA DE MEDICINA DO ESPORTE (ONLINE),,,"ARE THERE DIFFERENCES BETWEEN MALE AND FEMALE BADMINTON ATHLETES IN SLEEP, PHYSICAL ACTIVITY AND SEDENTARY TIME?"
448,Paulo Roberto Cavalcanti Carvalho,,REVISTA BRASILEIRA DE PRESCRIÇÃO E FISIOLOGIA DO EXERCÍCIO,,,Efeitos de um treinamento de forca e combinado em idosos com hipertensao arterial
449,Paulo Roberto Cavalcanti Carvalho,,"REVISTA BRASILEIRA DE OBESIDADE, NUTRIÇÃO E EMAGRECIMENTO",,,Efeitos do treinamento de forca muscular e da alimentacao sobre indicados antropometricos em idosos de ambos os sexos
450,Paulo Roberto Cavalcanti Carvalho,,REVISTA BAIANA DE SAÚDE PÚBLICA (ONLINE),,,"Perfil epidemiologico, nivel de atividade fisica durante a pandemia de Covid-19 de individuos de uma Universidade Publica de Recife/PE"
451,Paulo Roberto Cavalcanti Carvalho,,REVISTA ELETRÔNICA ACERVO EM SAÚDE,,,Analise da composicao corporal de mulheres com obesidade na fila de bariatrica apos 1 ano da pratica regular de exercicio fisico
452,Tony Meireles dos Santos,,INTERNATIONAL JOURNAL OF EXERCISE SCIENCE,,,Entropy of Heart Rate on Self-Selected Interval Exercises in Older Women
453,André dos Santos Costa,,JOURNAL OF AGING AND PHYSICAL ACTIVITY,,,Effects of Self-Selected Passive Recovery Time in Interval Exercise on Perceptual and Heart Rate Responses in Older Women: A Promissory Approach
454,Tony Meireles dos Santos,,JOURNAL OF AGING AND PHYSICAL ACTIVITY,,,Effects of Self-Selected Passive Recovery Time in Interval Exercise on Perceptual and Heart Rate Responses in Older Women: A Promissory Approach
455,Tony Meireles dos Santos,,APPLIED PSYCHOPHYSIOLOGY AND BIOFEEDBACK,,,Reliability of the Heartbeat Tracking Task to Assess Interoception
461,Pedro Pinheiro Paes Neto,,FISIOTERAPIA EM MOVIMENTO,,,Impact of strength training on bone mineral density in HIV-positive patients
462,Clarice Maria de Lucena Martins,,BRAIN SCIENCES,,,A Novel Exploratory Graph-Based Analytical Tool for Functional Near-Infrared Spectroscopy in Naturalistic Experiments: An Illustrative Application in Typically Developing Children
467,Rafael dos Santos Henrique,,HEALTH SCIENCE JOURNAL,,,Anthropometry and body composition of elite Brazilian soccer players according to the playing position
471,Pedro Pinheiro Paes Neto,,Revista Peruana de Ciencias de La Actividad Física y del Deporte,,1234-1245,Impacto de la ansiedade competitiva en la variabilidade de la frecuencia cardiaca y el rendimiento de los nadadores jovenes
472,Paulo Felipe Ribeiro Bandeira,,Ciência & Saúde Coletiva,,,Occupational violence in the nursing field during the pandemic: a network analysis
473,Paulo Felipe Ribeiro Bandeira,,Ciência & Saúde Coletiva,,,Workplace violence in the field of nursing during the pandemic: a network analysis
474,Saulo Fernandes Melo de Oliveira,,Biomedical Journal of Scientific and Technical Research,,,Effect of Excess Weight on Health Expenditure with Diabetic Patients in Primary Health Care
476,Paulo Roberto Cavalcanti Carvalho,,REVISTA ELETRÔNICA ACERVO EM SAÚDE,,,"Efeitos de um programa de intervencao de atividade fisica, educacao e promocao de saude com idosos hipertensos usuarios do Sistema Unico de Saude"
477,Paulo Felipe Ribeiro Bandeira,,MACABÉA- REVISTA ELETRONICA DO NETLLI,,,NCLUSIVE PHYSICAL EDUCATION IN THE PERSPECTIVE OF COMPLEXITY: A NARRATIVE REVIEW STUDY
478,Daniela Karina da Silva Ferreira,,Revista Saúde e Pesquisa,,,Atividade fisica e niveis de ansiedade em escolares da rede privada e publica de Recife-PE-Brasil
481,André dos Santos Costa,,Revista de Neurociências,,,Microbiota Intestinal e Sistema Nervoso Central: explorando o eixo cerebro e intestino
482,André dos Santos Costa,,RBNE - Revista Brasileira de Nutrição Esportiva,,,Suplementacao de Nitrato no Desempenho durante Exercicio Intermitente de Alta Intensidade: uma revisao de literatura
483,Eduardo Zapaterra Campos,,RBNE - Revista Brasileira de Nutrição Esportiva,,,SUPLEMENTACAO DE NITRATO NO DESEMPENHO DURANTE EXERCICIO INTERMITENTE DE ALTA INTENSIDADE: UMA REVISAO DE LITERATURA
484,André dos Santos Costa,,"REVISTA BRASILEIRA DE OBESIDADE, NUTRIÇÃO E EMAGRECIMENTO",,1373-1385,"REVISTA BRASILEIRA DE OBESIDADE, NUTRICAO E EMAGRECIMENTO, v"
485,André dos Santos Costa,,"GERIATRICS, GERONTOLOGY AND AGING",,,Efeitos de programas de exercicios fisicos domiciliares na cognicao de idosos: uma revisao integrativa
486,Paulo Felipe Ribeiro Bandeira,,REVISTA PSICOLOGIA: ORGANIZAÇÕES E TRABALHO,,2269-2280,"As Empresas Juniores Contribuem para Mudancas Pessoais em Universitarios?Submissao: 23/10/2022 (fast track)Primeira Decisao Editorial: 28/12/2022Versao Final: 30/12/2022Aceito em: 30/12/2022Do Junior Enterprises Provide Personal Changes in University Students?¿Contribuyen las Empresas Junior a Cambios Personales en Estudiantes Universitarios?Como citar esse artigo: Silva, J"
488,Paulo Felipe Ribeiro Bandeira,,Revista de Extensão da URCA,,,CUIDADO INTERDISICPLINAR NO CAPSi: SAUDE MENTAL EM FOCO Autores
493,Ozeas de Lima Lins Filho,,Sleep Science (Online),,,VALIDATION OF A PORTABLE RESPIRATORY MONITORING SYSTEM FOR THE DIAGNOSIS OF OBSTRUCTIVE SLEEP APNEA IN PATIENTS WITH CHRONIC OBSTRUCTIVE PULMONARY DISEASE: A CROSS-SECTIONAL STUDY
500,Clarice Maria de Lucena Martins,,,,,"Associations Between Motor Competence, Moderate-to-Vigorous Physical Activity, and Body Mass Index Among Preschoolers Over 1 Year"
501,Saulo Fernandes Melo de Oliveira,,Revista Brasileira de Educação Física e Esporte,,,Comparative analysis of Amputee Soccer players and coach perception of intensity training
502,Clarice Maria de Lucena Martins,,JOURNAL OF AGING AND PHYSICAL ACTIVITY,,,Prevalence and Sociodemographic Correlates of Meeting the 24-Hour Movement Guidelines Among Low-Income Brazilian Older Adults With Chronic Diseases
503,Leonardo Gomes de Oliveira Luz,,Human movement,,,"Maturity-associated variations in anthropometry, physical fitness, and sport-specific skills among young male and female futsal players"
504,Bruno Teixeira Barbosa,,CUADERNOS DE PSICOLOGIA DEL DEPORTE,,,The Relative Age Effect on YoungAthletes of Para-Athletics: Birth quartile analysis and performance in individual athletic events
505,Bruno Teixeira Barbosa,,SALUD MENTAL,,,"Smartphone addiction is associated with symptoms of anxiety, depression, stress, tension, confusion, and insomnia: A cross-sectional and comparative study with physically and non-physically active adults in self-isolation during the COVID-19 pandemic"
507,Paulo Felipe Ribeiro Bandeira,,REVISTA ENFERMAGEM ATUAL IN DERME,,,CUSTOS DIRETOS COM FERIDAS CRONICAS EM SERVICO AMBULATORIAL DE UMA UNIVERSIDADE PUBLICA NO NORDESTE BRASILEIRO
508,Eduardo Zapaterra Campos,,Frontiers in Immunology,,,Editorial: The role of different physical exercise protocols on immunological and immunometabolic profile in physiological and chronic diseases
509,Paulo Felipe Ribeiro Bandeira,,PLoS One,,,"Associations between fitness, movement behaviors, and immediate post-exercise blood pressure in older adults: A network perspective"
510,Paulo Felipe Ribeiro Bandeira,,Ciência & Saúde Coletiva,,,Association between the environment for physical activity in public schools and childhood obesity: a view in the light of complex systems
512,Paulo Felipe Ribeiro Bandeira,,Ciência & Saúde Coletiva,,,Association between the environment for physical activity in public schools and childhood obesity: a view in the light of complex systems
513,Paulo Felipe Ribeiro Bandeira,,Obesities,,,"Twenty-Four-Hour Movement Behaviors, Fitness, and Adiposity in Preschoolers: A Network Analysis"
517,Vilde Gomes de Menezes,,Revista Plurais,,,O PROGRAMA SAUDE NA ESCOLA (PSE) NO ESTADO DE PERNAMBUCO: DA CARACTERIZACAO DO CENARIO A EFETIVIDADE DA POLITICA NOS MUNICIPIOS
518,Vilde Gomes de Menezes,,Revista Exitus,,,"EDUCACAO EM SAUDE NA REDE PUBLICA ESTADUAL DE EDUCACAO DE PERNAMBUCO:concepcoes de gestores, professores e estudantes"
519,Bruno Teixeira Barbosa,,REVISTA INTERDISCIPLINAR DE PESQUISA E INOVAÇÃO,,,Efeitos da preparacao para o movimento no desempenho funcional de idosos
522,Daniel da Rocha Queiroz,,Journal of Physical Activity & Health,,,Physical Activity Guidelines for the Brazilian Population: Development and Methods
523,Paulo Felipe Ribeiro Bandeira,,Frontiers in Psychology,,,The subject-environment interplay between runners from different Brazilian macro-regions
524,Saulo Fernandes Melo de Oliveira,,Revista da Associação Brasileira de Atividade Motora Adaptada,,,CORRELACOES ENTRE A CLASSIFICACAO FUNCIONAL E O DESEMPENHO MOTOR DE JOGADORES DE BASQUETEBOL DE CADEIRAS DE RODAS EXPERIENTES
528,Pedro Pinheiro Paes Neto,,JOURNAL OF HUMAN SPORT AND EXERCISE,,,Content validation and inter-rater reliability of a protocol for the precision assessment of boccia players
530,Paulo Felipe Ribeiro Bandeira,,Apunts Educacion Fisica Y Deportes,,,"Anthropometry, Tactical Position, Performance Parameters and Experience in Water Polo: Network Analysis"
534,Rafael dos Santos Henrique,,"RESEARCH, SOCIETY AND DEVELOPMENT",,,Association between sleep indicators and eating habits in adolescents
535,Tony Meireles dos Santos,,"Recife: , 2023",,,UTILIZACAO DA INTELIGENCIA ARTIFICIAL ATRAVES DE UM SISTEMA ESPECIALISTA PARA A TOMADA DE DECISAO NO ENFRENTAMENTO AO SEDENTARISMO
536,Lucas Eduardo Rodrigues dos Santos,,"Recife: , 2023",,,UTILIZACAO DA INTELIGENCIA ARTIFICIAL ATRAVES DE UM SISTEMA ESPECIALISTA PARA A TOMADA DE DECISAO NO ENFRENTAMENTO AO SEDENTARISMO
538,André dos Santos Costa,,Arquivos de Ciências da Saúde da UNIPAR,,,Sindrome de burnout e atividade fisica em adolescentes no contexto da pandemia da Covid-19
539,Tony Meireles dos Santos,,EUROPEAN JOURNAL OF APPLIED PHYSIOLOGY,,1361-1370,Efficacy of caffeine as an ergogenic aid in multiple cycling time trials
540,Daniel da Rocha Queiroz,,REVISTA PANAMERICANA DE SALUD PUBLICA-PAN AMERICAN JOURNAL OF PUBLIC HEALTH,,,Correlatos da atividade fisica e do comportamento sedentario em criancas pre-escolares sul-americanas: Revisao de escopo
541,Clarice Maria de Lucena Martins,,REVISTA PANAMERICANA DE SALUD PUBLICA-PAN AMERICAN JOURNAL OF PUBLIC HEALTH,,,Correlatos de atividade fisica e comportamento sedentario em criancas pre-escolares sul-americanas: revisao de escopo
542,Paulo Felipe Ribeiro Bandeira,,"Journal of Activity, Sedentary and Sleep Behaviors",,,An ecological view on the correlates of sedentary behavior in Brazilian adolescents: a cross-sectional study with network analysis
543,Leonardo Gomes de Oliveira Luz,,"Journal of Activity, Sedentary and Sleep Behaviors",,,An ecological view on the correlates of sedentary behavior in Brazilian adolescents: a cross-sectional study with network analysis
544,Tony Meireles dos Santos,,MEDICINE AND SCIENCE IN SPORTS AND EXERCISE,,,A -Further-Step- Toward Considering Exercise Session Duration in Training Prescription
545,Rafael dos Santos Henrique,,LANCET,,,General and abdominal adiposity and hypertension in eight world regions: a pooled analysis of 837 population-based studies with 7·5 million participants
546,Daniel da Rocha Queiroz,,LANCET,,,Worldwide trends in hypertension prevalence and progress in treatment and control from 1990 to 2019: a pooled analysis of 1201 population-representative studies with 104 million participants
547,Rafael dos Santos Henrique,,LANCET,,,Worldwide trends in hypertension prevalence and progress in treatment and control from 1990 to 2019: a pooled analysis of 1201 population-representative studies with 104 million participants
548,Rafael dos Santos Henrique,,NATURE,,,Obesity rise plateaus in developed nations and accelerates in developing nations
549,Rafael dos Santos Henrique,,LANCET,,,Worldwide trends in diabetes prevalence and treatment from 1990 to 2022: a pooled analysis of 1108 population-representative studies with 141 million participants
550,Rafael dos Santos Henrique,,NATURE MEDICINE,,2885-2901,Global variation in diabetes diagnosis and prevalence based on fasting glucose and hemoglobin A1c
