excel_row,docente,periodico,doi_identificado,match_source,expected_indexacao,expected_jif_jcr_2025,expected_quartil_jcr_2025,diffs
2,Ozeas de Lima Lins Filho,JOURNAL OF HUMAN HYPERTENSION,10.1038/s41371-025-01080-y,doi,Web of Science (JCR); Scopus (SJR),3.4,Q2,JCR_WoS: atual=Verificação manual necessária esperado=Sim | PubMed_APCN: atual=Sim esperado=Não
3,Daniela Karina da Silva Ferreira,SLEEP MEDICINE,10.1016/j.sleep.2026.108879,doi,Web of Science (JCR); Scopus (SJR),3.4,Q2,JCR_WoS: atual=Verificação manual necessária esperado=Sim
4,Paulo Felipe Ribeiro Bandeira,JOURNAL OF SPORTS SCIENCES,10.1080/02640414.2025.2540202,doi,Web of Science (JCR); Scopus (SJR),2.5,Q2,JCR_WoS: atual=Verificação manual necessária esperado=Sim | PubMed_APCN: atual=Sim esperado=Não
8,Leonardo Gomes de Oliveira Luz,AMERICAN JOURNAL OF HUMAN BIOLOGY,10.1002/ajhb.70024,doi,Web of Science (JCR); Scopus (SJR),1.7,Q1,JCR_WoS: atual=Verificação manual necessária esperado=Sim
9,Ozeas de Lima Lins Filho,SLEEP MEDICINE,10.1016/j.sleep.2026.108879,doi,Web of Science (JCR); Scopus (SJR),3.4,Q2,JCR_WoS: atual=Verificação manual necessária esperado=Sim
12,Ozeas de Lima Lins Filho,SLEEP MEDICINE,10.1016/j.sleep.2026.108879,doi,Web of Science (JCR); Scopus (SJR),3.4,Q2,JCR_WoS: atual=Verificação manual necessária esperado=Sim
14,Ozeas de Lima Lins Filho,SLEEP MEDICINE,10.1016/j.sleep.2026.108879,doi,Web of Science (JCR); Scopus (SJR),3.4,Q2,JCR_WoS: atual=Verificação manual necessária esperado=Sim
15,Ozeas de Lima Lins Filho,SLEEP MEDICINE,10.1016/j.sleep.2026.108879,doi,Web of Science (JCR); Scopus (SJR),3.4,Q2,JCR_WoS: atual=Verificação manual necessária esperado=Sim
23,Saulo Fernandes Melo de Oliveira,Frontiers In Sports And Active Living,10.3389/fspor.2025.1724991,doi,Web of Science (JCR); Scopus (SJR),2.6,Q2,JCR_WoS: atual=Não esperado=Sim
31,Vilde Gomes de Menezes,CONTEMPORÂNEA - REVISTA DE ÉTICA E FILOSOFIA POLÍTICA,10.56083/RCV5N8-088,doi,,,,Google_Scholar: atual=Verificação manual necessária esperado=Não
39,Guilherme Assunção Ferreira,RESEARCH QUARTERLY FOR EXERCISE AND SPORT,10.1080/02701367.2025.2515968,doi,Web of Science (JCR); Scopus (SJR),1.6,Q3,JCR_WoS: atual=Verificação manual necessária esperado=Sim | PubMed_APCN: atual=Sim esperado=Não
53,Paulo Roberto Cavalcanti Carvalho,REVISTA FISIO&TERAPIA,10.69849/revistaft/dt10202504282217,doi,,,,Google_Scholar: atual=Verificação manual necessária esperado=Não
61,Saulo Fernandes Melo de Oliveira,RETOS,10.47197/retos.v72.113173,doi,Web of Science (JCR); Scopus (SJR),1.6,Q2,JCR_WoS: atual=Não esperado=Sim
62,André dos Santos Costa,RETOS,10.47197/retos.v72.113173,doi,Web of Science (JCR); Scopus (SJR),1.6,Q2,JCR_WoS: atual=Não esperado=Sim
80,Tony Meireles dos Santos,International Journal of Environmental Research and Public Health,10.3390/ijerph23020221,doi,Web of Science (JCR); Scopus (SJR),,,JCR_WoS: atual=Verificação manual necessária esperado=Sim | PubMed_APCN: atual=Sim esperado=Não
83,Rafael dos Santos Henrique,JOURNAL OF APPLIED PHYSIOLOGY,10.1152/japplphysiol.00700.2025,doi,Web of Science (JCR); Scopus (SJR),3.3,Q1,JCR_WoS: atual=Verificação manual necessária esperado=Sim | PubMed_APCN: atual=Sim esperado=Não
86,Guilherme Assunção Ferreira,JOURNAL OF APPLIED PHYSIOLOGY,10.1152/japplphysiol.00700.2025,doi,Web of Science (JCR); Scopus (SJR),3.3,Q1,JCR_WoS: atual=Verificação manual necessária esperado=Sim | PubMed_APCN: atual=Sim esperado=Não
87,Paulo Roberto Cavalcanti Carvalho,REVISTA FISIO&TERAPIA,10.69849/revistaft/dt10202504282217,doi,,,,Google_Scholar: atual=Verificação manual necessária esperado=Não
89,Eduardo Zapaterra Campos,Scientific Reports,10.1038/s41598-025-98762-x,doi,Web of Science (JCR); Scopus (SJR),3.9,Q1,JCR_WoS: atual=Verificação manual necessária esperado=Sim | PubMed_APCN: atual=Sim esperado=Não
92,Ozeas de Lima Lins Filho,Sleep and Breathing,10.1007/s11325-024-03181-3,doi,Web of Science (JCR); Scopus (SJR),2.0,Q3,JCR_WoS: atual=Verificação manual necessária esperado=Sim
102,Rafael dos Santos Henrique,RETOS,10.47197/retos.v72.113173,doi,Web of Science (JCR); Scopus (SJR),1.6,Q2,JCR_WoS: atual=Não esperado=Sim
103,Paulo Roberto Cavalcanti Carvalho,REVISTA FISIO&TERAPIA,10.69849/revistaft/dt10202504282217,doi,,,,Google_Scholar: atual=Verificação manual necessária esperado=Não
106,Lucas Eduardo Rodrigues dos Santos,International Journal of Environmental Research and Public Health,10.3390/ijerph23020221,doi,Web of Science (JCR); Scopus (SJR),,,JCR_WoS: atual=Verificação manual necessária esperado=Sim | PubMed_APCN: atual=Sim esperado=Não
114,Eduardo Zapaterra Campos,Frontiers In Sports And Active Living,10.3389/fspor.2025.1724991,doi,Web of Science (JCR); Scopus (SJR),2.6,Q2,JCR_WoS: atual=Não esperado=Sim
116,Daniel da Rocha Queiroz,RETOS,10.47197/retos.v72.113173,doi,Web of Science (JCR); Scopus (SJR),1.6,Q2,JCR_WoS: atual=Não esperado=Sim
120,Saulo Fernandes Melo de Oliveira,International Journal of Sports Science & Coaching,10.1177/17479541251394001,doi,Web of Science (JCR); Scopus (SJR),2.1,Q2,JCR_WoS: atual=Verificação manual necessária esperado=Sim
126,Vilde Gomes de Menezes,OBSERVATORIO DE LA ECONOMÍA LATINOAMERICANA,10.55905/oelv23n4-058,doi,,,,Google_Scholar: atual=Verificação manual necessária esperado=Não
128,Guilherme Assunção Ferreira,RESEARCH QUARTERLY FOR EXERCISE AND SPORT,10.1080/02701367.2025.2515968,doi,Web of Science (JCR); Scopus (SJR),1.6,Q3,JCR_WoS: atual=Verificação manual necessária esperado=Sim | PubMed_APCN: atual=Sim esperado=Não
129,Rafael dos Santos Henrique,RESEARCH QUARTERLY FOR EXERCISE AND SPORT,10.1080/02701367.2025.2515968,doi,Web of Science (JCR); Scopus (SJR),1.6,Q3,JCR_WoS: atual=Verificação manual necessária esperado=Sim | PubMed_APCN: atual=Sim esperado=Não
135,Ozeas de Lima Lins Filho,Sleep and Breathing,10.1007/s11325-024-03181-3,doi,Web of Science (JCR); Scopus (SJR),2.0,Q3,JCR_WoS: atual=Verificação manual necessária esperado=Sim
144,Vilde Gomes de Menezes,LUMEN ET VIRTUS,10.56238/levv16n49-040,doi,,,,Google_Scholar: atual=Verificação manual necessária esperado=Não
145,Vilde Gomes de Menezes,LUMEN ET VIRTUS,10.56238/levv16n49-040,doi,,,,Google_Scholar: atual=Verificação manual necessária esperado=Não
146,Vilde Gomes de Menezes,ARACÊ - DIREITOS HUMANOS EM REVISTA,10.56238/arev7n6-087,doi,,,,Google_Scholar: atual=Verificação manual necessária esperado=Não
149,Paulo Felipe Ribeiro Bandeira,AMERICAN JOURNAL OF HUMAN BIOLOGY,10.1002/ajhb.70024,doi,Web of Science (JCR); Scopus (SJR),1.7,Q1,JCR_WoS: atual=Verificação manual necessária esperado=Sim
159,André dos Santos Costa,RETOS,10.47197/retos.v72.113173,doi,Web of Science (JCR); Scopus (SJR),1.6,Q2,JCR_WoS: atual=Não esperado=Sim
161,Eduardo Zapaterra Campos,RETOS,10.47197/retos.v72.113173,doi,Web of Science (JCR); Scopus (SJR),1.6,Q2,JCR_WoS: atual=Não esperado=Sim
167,Eduardo Zapaterra Campos,JOURNAL OF SPORTS SCIENCES,10.1080/02640414.2025.2540202,doi,Web of Science (JCR); Scopus (SJR),2.5,Q2,JCR_WoS: atual=Verificação manual necessária esperado=Sim | PubMed_APCN: atual=Sim esperado=Não
168,Leonardo Gomes de Oliveira Luz,JOURNAL OF SPORTS SCIENCES,10.1080/02640414.2025.2540202,doi,Web of Science (JCR); Scopus (SJR),2.5,Q2,JCR_WoS: atual=Verificação manual necessária esperado=Sim | PubMed_APCN: atual=Sim esperado=Não
169,Ozeas de Lima Lins Filho,SLEEP SCIENCE (IMPRESSO),10.1055/s-0045-1806954,doi,Web of Science (JCR); Scopus (SJR),1.8,Q3,JCR_WoS: atual=Não esperado=Sim
171,Paulo Felipe Ribeiro Bandeira,SPORT SCIENCES FOR HEALTH (TESTO STAMPATO),10.1007/s11332-024-01295-5,doi,Web of Science (JCR); Scopus (SJR),1.3,Q3,JCR_WoS: atual=Não esperado=Sim
173,Rafael dos Santos Henrique,"BMC SPORTS SCIENCE, MEDICINE AND REHABILITATION",10.1186/s13102-024-01052-8,doi,Web of Science (JCR); Scopus (SJR),2.8,Q1,JCR_WoS: atual=Verificação manual necessária esperado=Sim
179,Rafael dos Santos Henrique,Vulnerable Children and Youth Studies (Print),10.1080/17450128.2025.2575325,doi,Web of Science (JCR); Scopus (SJR),0.9,Q3,JCR_WoS: atual=Não esperado=Sim
180,Clarice Maria de Lucena Martins,AMERICAN JOURNAL OF HUMAN BIOLOGY,10.1002/ajhb.70024,doi,Web of Science (JCR); Scopus (SJR),1.7,Q1,JCR_WoS: atual=Verificação manual necessária esperado=Sim
181,Paulo Felipe Ribeiro Bandeira,AMERICAN JOURNAL OF HUMAN BIOLOGY,10.1002/ajhb.70024,doi,Web of Science (JCR); Scopus (SJR),1.7,Q1,JCR_WoS: atual=Verificação manual necessária esperado=Sim
187,Pedro Pinheiro Paes Neto,RETOS,10.47197/retos.v72.113173,doi,Web of Science (JCR); Scopus (SJR),1.6,Q2,JCR_WoS: atual=Não esperado=Sim
188,Pedro Pinheiro Paes Neto,Healthcare,10.3390/healthcare13151789,doi,Web of Science (JCR); Scopus (SJR),2.7,Q2,JCR_WoS: atual=Verificação manual necessária esperado=Sim
194,Paulo Felipe Ribeiro Bandeira,AMERICAN JOURNAL OF HUMAN BIOLOGY,10.1002/ajhb.70024,doi,Web of Science (JCR); Scopus (SJR),1.7,Q1,JCR_WoS: atual=Verificação manual necessária esperado=Sim
195,Pedro Pinheiro Paes Neto,JOURNAL OF BODYWORK AND MOVEMENT THERAPIES,10.1016/j.jbmt.2024.11.012,doi,Web of Science (JCR); Scopus (SJR),1.4,Q3,JCR_WoS: atual=Não esperado=Sim | PubMed_APCN: atual=Sim esperado=Não
197,Paulo Felipe Ribeiro Bandeira,Journal of Sports Sciences,10.1080/02640414.2025.2540202,doi,Web of Science (JCR); Scopus (SJR),2.5,Q2,JCR_WoS: atual=Verificação manual necessária esperado=Sim | PubMed_APCN: atual=Sim esperado=Não
198,Clarice Maria de Lucena Martins,JOURNAL OF SPORTS SCIENCES,10.1080/02640414.2025.2540202,doi,Web of Science (JCR); Scopus (SJR),2.5,Q2,JCR_WoS: atual=Verificação manual necessária esperado=Sim | PubMed_APCN: atual=Sim esperado=Não
200,Rafael dos Santos Henrique,RETOS,10.47197/retos.v72.113173,doi,Web of Science (JCR); Scopus (SJR),1.6,Q2,JCR_WoS: atual=Não esperado=Sim
201,Paulo Felipe Ribeiro Bandeira,RETOS,10.47197/retos.v72.113173,doi,Web of Science (JCR); Scopus (SJR),1.6,Q2,JCR_WoS: atual=Não esperado=Sim
202,Ozeas de Lima Lins Filho,SLEEP MEDICINE,10.1016/j.sleep.2026.108879,doi,Web of Science (JCR); Scopus (SJR),3.4,Q2,JCR_WoS: atual=Verificação manual necessária esperado=Sim
204,Bruno Teixeira Barbosa,INTERNATIONAL JOURNAL OF SPORT AND EXERCISE PSYCHOLOGY,10.1080/1612197x.2024.2446329,doi,Web of Science (JCR); Scopus (SJR),2.3,Q2,JCR_WoS: atual=Verificação manual necessária esperado=Sim
219,Rafael dos Santos Henrique,BIOLOGY OF SPORT,10.5114/biolsport.2025.151650,doi,Web of Science (JCR); Scopus (SJR),5.0,Q1,JCR_WoS: atual=Verificação manual necessária esperado=Sim
220,Paulo Felipe Ribeiro Bandeira,Frontiers in Sports and Active Living,10.3389/fspor.2025.1724991,doi,Web of Science (JCR); Scopus (SJR),2.6,Q2,JCR_WoS: atual=Não esperado=Sim
224,Bruno Teixeira Barbosa,INTERNATIONAL JOURNAL OF SPORT AND EXERCISE PSYCHOLOGY,10.1080/1612197x.2024.2446329,doi,Web of Science (JCR); Scopus (SJR),2.3,Q2,JCR_WoS: atual=Verificação manual necessária esperado=Sim
226,Rafael dos Santos Henrique,SPORT SCIENCES FOR HEALTH (TESTO STAMPATO),10.1007/s11332-024-01295-5,doi,Web of Science (JCR); Scopus (SJR),1.3,Q3,JCR_WoS: atual=Não esperado=Sim
227,Tony Meireles dos Santos,,,titulo_exato,Web of Science (JCR); Scopus (SJR),1.3,Q3,JCR_WoS: atual=Verificação manual necessária esperado=Sim | SJR_Scopus: atual=Verificação manual necessária esperado=Sim | PubMed_APCN: atual=Verificação manual necessária esperado=Não | SciELO_APCN: atual=Verificação manual necessária esperado=Não | Google_Scholar: atual=Verificação manual necessária esperado=Não | Pontuacao_APCN: atual= esperado=90
230,Daniel da Rocha Queiroz,CUADERNOS DE EDUCACIÓN Y DESARROLLO,10.55905/cuadv17n4-164,doi,,,,Google_Scholar: atual=Verificação manual necessária esperado=Não
232,Pedro Pinheiro Paes Neto,THE JOURNAL OF SPORTS MEDICINE AND PHYSICAL FITNESS,10.23736/S0022-4707.25.16698-X,doi,Web of Science (JCR); Scopus (SJR),,,JCR_WoS: atual=Verificação manual necessária esperado=Sim | PubMed_APCN: atual=Sim esperado=Não
240,Leonardo Gomes de Oliveira Luz,International Journal of Environmental Research and Public Health,10.3390/ijerph23020221,doi,Web of Science (JCR); Scopus (SJR),,,JCR_WoS: atual=Verificação manual necessária esperado=Sim | PubMed_APCN: atual=Sim esperado=Não
241,Paulo Felipe Ribeiro Bandeira,RETOS,10.47197/retos.v72.113173,doi,Web of Science (JCR); Scopus (SJR),1.6,Q2,JCR_WoS: atual=Não esperado=Sim
242,Eduardo Zapaterra Campos,INTERNATIONAL JOURNAL OF SPORTS MEDICINE,10.1055/a-2674-4030,doi,Web of Science (JCR); Scopus (SJR),2.2,Q2,JCR_WoS: atual=Verificação manual necessária esperado=Sim | PubMed_APCN: atual=Sim esperado=Não
243,Clarice Maria de Lucena Martins,BIOLOGY OF SPORT,10.5114/biolsport.2025.151650,doi,Web of Science (JCR); Scopus (SJR),5.0,Q1,JCR_WoS: atual=Verificação manual necessária esperado=Sim
245,Leonardo Gomes de Oliveira Luz,RETOS,10.47197/retos.v72.113173,doi,Web of Science (JCR); Scopus (SJR),1.6,Q2,JCR_WoS: atual=Não esperado=Sim
246,Rafael dos Santos Henrique,RETOS,10.47197/retos.v72.113173,doi,Web of Science (JCR); Scopus (SJR),1.6,Q2,JCR_WoS: atual=Não esperado=Sim
253,Paulo Felipe Ribeiro Bandeira,International Journal of Environmental Research and Public Health,10.3390/ijerph23020221,doi,Web of Science (JCR); Scopus (SJR),,,JCR_WoS: atual=Verificação manual necessária esperado=Sim | PubMed_APCN: atual=Sim esperado=Não
262,Daniel da Rocha Queiroz,AMERICAN JOURNAL OF HUMAN BIOLOGY,10.1002/ajhb.70024,doi,Web of Science (JCR); Scopus (SJR),1.7,Q1,JCR_WoS: atual=Verificação manual necessária esperado=Sim
264,Clarice Maria de Lucena Martins,Frontiers in Sports and active Living,10.3389/fspor.2025.1724991,doi,Web of Science (JCR); Scopus (SJR),2.6,Q2,JCR_WoS: atual=Não esperado=Sim
265,Lucas Eduardo Rodrigues dos Santos,RESEARCH QUARTERLY FOR EXERCISE AND SPORT,10.1080/02701367.2025.2515968,doi,Web of Science (JCR); Scopus (SJR),1.6,Q3,JCR_WoS: atual=Verificação manual necessária esperado=Sim | PubMed_APCN: atual=Sim esperado=Não
266,Tony Meireles dos Santos,RESEARCH QUARTERLY FOR EXERCISE AND SPORT,10.1080/02701367.2025.2515968,doi,Web of Science (JCR); Scopus (SJR),1.6,Q3,JCR_WoS: atual=Verificação manual necessária esperado=Sim | PubMed_APCN: atual=Sim esperado=Não
275,Rafael dos Santos Henrique,AMERICAN JOURNAL OF HUMAN BIOLOGY,10.1002/ajhb.70024,doi,Web of Science (JCR); Scopus (SJR),1.7,Q1,JCR_WoS: atual=Verificação manual necessária esperado=Sim
281,Vilde Gomes de Menezes,International Journal of Environmental Research and Public Health,10.3390/ijerph23020221,doi,Web of Science (JCR); Scopus (SJR),,,JCR_WoS: atual=Verificação manual necessária esperado=Sim | PubMed_APCN: atual=Sim esperado=Não
283,Saulo Fernandes Melo de Oliveira,Gestus (Vitória de Santo Antão),10.5281/zenodo.16649241,doi,,,,Google_Scholar: atual=Verificação manual necessária esperado=Não
286,Rafael dos Santos Henrique,RETOS,10.47197/retos.v72.113173,doi,Web of Science (JCR); Scopus (SJR),1.6,Q2,JCR_WoS: atual=Não esperado=Sim
287,Rafael dos Santos Henrique,AMERICAN JOURNAL OF HUMAN BIOLOGY,10.1002/ajhb.70024,doi,Web of Science (JCR); Scopus (SJR),1.7,Q1,JCR_WoS: atual=Verificação manual necessária esperado=Sim
288,Daniel da Rocha Queiroz,RETOS,10.47197/retos.v72.113173,doi,Web of Science (JCR); Scopus (SJR),1.6,Q2,JCR_WoS: atual=Não esperado=Sim
297,Rafael dos Santos Henrique,AMERICAN JOURNAL OF HUMAN BIOLOGY,10.1002/ajhb.70024,doi,Web of Science (JCR); Scopus (SJR),1.7,Q1,JCR_WoS: atual=Verificação manual necessária esperado=Sim
298,Rafael dos Santos Henrique,AMERICAN JOURNAL OF HUMAN BIOLOGY,10.1002/ajhb.70024,doi,Web of Science (JCR); Scopus (SJR),1.7,Q1,JCR_WoS: atual=Verificação manual necessária esperado=Sim
301,Leonardo Gomes de Oliveira Luz,AMERICAN JOURNAL OF HUMAN BIOLOGY,10.1002/ajhb.70024,doi,Web of Science (JCR); Scopus (SJR),1.7,Q1,JCR_WoS: atual=Verificação manual necessária esperado=Sim
302,Leonardo Gomes de Oliveira Luz,AMERICAN JOURNAL OF HUMAN BIOLOGY,10.1002/ajhb.70024,doi,Web of Science (JCR); Scopus (SJR),1.7,Q1,JCR_WoS: atual=Verificação manual necessária esperado=Sim
303,Leonardo Gomes de Oliveira Luz,Health and Quality of Life Outcomes,10.1186/s12955-026-02495-y,doi,Web of Science (JCR); Scopus (SJR),3.4,Q1,JCR_WoS: atual=Verificação manual necessária esperado=Sim | PubMed_APCN: atual=Sim esperado=Não
309,Leonardo Gomes de Oliveira Luz,American Journal of Human Biology,10.1002/ajhb.70024,doi,Web of Science (JCR); Scopus (SJR),1.7,Q1,JCR_WoS: atual=Verificação manual necessária esperado=Sim
310,Rafael dos Santos Henrique,AMERICAN JOURNAL OF HUMAN BIOLOGY,10.1002/ajhb.70024,doi,Web of Science (JCR); Scopus (SJR),1.7,Q1,JCR_WoS: atual=Verificação manual necessária esperado=Sim
317,Paulo Felipe Ribeiro Bandeira,American Journal of Human Biology,10.1002/ajhb.70024,doi,Web of Science (JCR); Scopus (SJR),1.7,Q1,JCR_WoS: atual=Verificação manual necessária esperado=Sim
325,Clarice Maria de Lucena Martins,AMERICAN JOURNAL OF HUMAN BIOLOGY,10.1002/ajhb.70024,doi,Web of Science (JCR); Scopus (SJR),1.7,Q1,JCR_WoS: atual=Verificação manual necessária esperado=Sim
331,Rafael dos Santos Henrique,JOURNAL OF SPORTS SCIENCES,10.1080/02640414.2025.2540202,doi,Web of Science (JCR); Scopus (SJR),2.5,Q2,JCR_WoS: atual=Verificação manual necessária esperado=Sim | PubMed_APCN: atual=Sim esperado=Não
332,Saulo Fernandes Melo de Oliveira,RETOS,10.47197/retos.v72.113173,doi,Web of Science (JCR); Scopus (SJR),1.6,Q2,JCR_WoS: atual=Não esperado=Sim
333,Saulo Fernandes Melo de Oliveira,International Biomechanics,10.1080/23335432.2025.2531944,doi,Scopus (SJR),,,PubMed_APCN: atual=Sim esperado=Não
335,Vilde Gomes de Menezes,OBSERVATORIO DE LA ECONOMÍA LATINOAMERICANA,10.55905/oelv23n4-058,doi,,,,Google_Scholar: atual=Verificação manual necessária esperado=Não
347,Pedro Pinheiro Paes Neto,RETOS,10.47197/retos.v72.113173,doi,Web of Science (JCR); Scopus (SJR),1.6,Q2,JCR_WoS: atual=Não esperado=Sim
349,Rafael dos Santos Henrique,INTERNATIONAL JOURNAL OF SPORTS MEDICINE,10.1055/a-2674-4030,doi,Web of Science (JCR); Scopus (SJR),2.2,Q2,JCR_WoS: atual=Verificação manual necessária esperado=Sim | PubMed_APCN: atual=Sim esperado=Não
351,Daniel da Rocha Queiroz,JOURNAL OF SPORTS SCIENCES,10.1080/02640414.2025.2540202,doi,Web of Science (JCR); Scopus (SJR),2.5,Q2,JCR_WoS: atual=Verificação manual necessária esperado=Sim | PubMed_APCN: atual=Sim esperado=Não
352,Rafael dos Santos Henrique,JOURNAL OF SPORTS SCIENCES,10.1080/02640414.2025.2540202,doi,Web of Science (JCR); Scopus (SJR),2.5,Q2,JCR_WoS: atual=Verificação manual necessária esperado=Sim | PubMed_APCN: atual=Sim esperado=Não
354,Vilde Gomes de Menezes,CUADERNOS DE EDUCACIÓN Y DESARROLLO,10.55905/cuadv17n4-164,doi,,,,Google_Scholar: atual=Verificação manual necessária esperado=Não
360,Lucas Eduardo Rodrigues dos Santos,CONTRIBUCIONES A LAS CIENCIAS SOCIALES,10.55905/revconv.18n.3-210,doi,,,,Google_Scholar: atual=Verificação manual necessária esperado=Não
361,Vilde Gomes de Menezes,CONTRIBUCIONES A LAS CIENCIAS SOCIALES,10.55905/revconv.18n.3-210,doi,,,,Google_Scholar: atual=Verificação manual necessária esperado=Não
362,Vilde Gomes de Menezes,REVISTA INTERCONTINENTAL DE GESTÃO DESPORTIVA,10.51995/2237-3373,doi,,,,Google_Scholar: atual=Verificação manual necessária esperado=Não
363,Vilde Gomes de Menezes,REVISTA INTERCONTINENTAL DE GESTÃO DESPORTIVA,10.51995/2237-3373,doi,,,,Google_Scholar: atual=Verificação manual necessária esperado=Não
364,Lucas Eduardo Rodrigues dos Santos,REVISTA INTERCONTINENTAL DE GESTÃO DESPORTIVA,10.51995/2237-3373,doi,,,,Google_Scholar: atual=Verificação manual necessária esperado=Não
366,Tony Meireles dos Santos,SPORT SCIENCES FOR HEALTH (TESTO STAMPATO),10.1007/s11332-024-01295-5,doi,Web of Science (JCR); Scopus (SJR),1.3,Q3,JCR_WoS: atual=Não esperado=Sim
369,Tony Meireles dos Santos,RESEARCH QUARTERLY FOR EXERCISE AND SPORT,10.1080/02701367.2025.2515968,doi,Web of Science (JCR); Scopus (SJR),1.6,Q3,JCR_WoS: atual=Verificação manual necessária esperado=Sim | PubMed_APCN: atual=Sim esperado=Não
379,Melissa Leandro Celestino,Vulnerable Children and Youth Studies (Print),10.1080/17450128.2025.2575325,doi,Web of Science (JCR); Scopus (SJR),0.9,Q3,JCR_WoS: atual=Não esperado=Sim
382,Saulo Fernandes Melo de Oliveira,THE JOURNAL OF SPORTS MEDICINE AND PHYSICAL FITNESS,10.23736/S0022-4707.25.16698-X,doi,Web of Science (JCR); Scopus (SJR),,,JCR_WoS: atual=Verificação manual necessária esperado=Sim | PubMed_APCN: atual=Sim esperado=Não
383,Saulo Fernandes Melo de Oliveira,,,titulo_exato,Web of Science (JCR); Scopus (SJR),1.5,Q4,JCR_WoS: atual=Verificação manual necessária esperado=Sim | SJR_Scopus: atual=Verificação manual necessária esperado=Sim | PubMed_APCN: atual=Verificação manual necessária esperado=Não | SciELO_APCN: atual=Verificação manual necessária esperado=Não | Google_Scholar: atual=Verificação manual necessária esperado=Não | Pontuacao_APCN: atual= esperado=90
387,Rafael dos Santos Henrique,CLINICAL NUTRITION ESPEN,10.1016/j.clnesp.2025.11.163,doi,Web of Science (JCR); Scopus (SJR),2.6,Q3,JCR_WoS: atual=Não esperado=Sim | PubMed_APCN: atual=Sim esperado=Não
392,Pedro Pinheiro Paes Neto,RETOS,10.47197/retos.v72.113173,doi,Web of Science (JCR); Scopus (SJR),1.6,Q2,JCR_WoS: atual=Não esperado=Sim
393,Pedro Pinheiro Paes Neto,CUADERNOS DE EDUCACIÓN Y DESARROLLO,10.55905/cuadv17n4-164,doi,,,,Google_Scholar: atual=Verificação manual necessária esperado=Não
395,Paulo Felipe Ribeiro Bandeira,International Journal of Environmental Research and Public Health,10.3390/ijerph23020221,doi,Web of Science (JCR); Scopus (SJR),,,JCR_WoS: atual=Verificação manual necessária esperado=Sim | PubMed_APCN: atual=Sim esperado=Não
396,Pedro Pinheiro Paes Neto,CUADERNOS DE EDUCACIÓN Y DESARROLLO,10.55905/cuadv17n4-164,doi,,,,Google_Scholar: atual=Verificação manual necessária esperado=Não
397,Pedro Pinheiro Paes Neto,RETOS,10.47197/retos.v72.113173,doi,Web of Science (JCR); Scopus (SJR),1.6,Q2,JCR_WoS: atual=Não esperado=Sim
399,Rafael dos Santos Henrique,RETOS,10.47197/retos.v72.113173,doi,Web of Science (JCR); Scopus (SJR),1.6,Q2,JCR_WoS: atual=Não esperado=Sim
406,Paulo Felipe Ribeiro Bandeira,RETOS,10.47197/retos.v72.113173,doi,Web of Science (JCR); Scopus (SJR),1.6,Q2,JCR_WoS: atual=Não esperado=Sim
407,Leonardo Gomes de Oliveira Luz,RETOS,10.47197/retos.v72.113173,doi,Web of Science (JCR); Scopus (SJR),1.6,Q2,JCR_WoS: atual=Não esperado=Sim
420,Pedro Pinheiro Paes Neto,JOURNAL OF BODYWORK AND MOVEMENT THERAPIES,10.1016/j.jbmt.2024.11.012,doi,Web of Science (JCR); Scopus (SJR),1.4,Q3,JCR_WoS: atual=Não esperado=Sim | PubMed_APCN: atual=Sim esperado=Não
421,Pedro Pinheiro Paes Neto,CUADERNOS DE EDUCACIÓN Y DESARROLLO,10.55905/cuadv17n4-164,doi,,,,Google_Scholar: atual=Verificação manual necessária esperado=Não
423,Daniel da Rocha Queiroz,CUADERNOS DE EDUCACIÓN Y DESARROLLO,10.55905/cuadv17n4-164,doi,,,,Google_Scholar: atual=Verificação manual necessária esperado=Não
427,Ozeas de Lima Lins Filho,Current Pulmonology Reports,10.1007/s13665-025-00396-x,doi,Web of Science (JCR),1.0,Q4,JCR_WoS: atual=Não esperado=Sim | Google_Scholar: atual=Verificação manual necessária esperado=Não | Pontuacao_APCN: atual= esperado=90
428,André dos Santos Costa,RESEARCH QUARTERLY FOR EXERCISE AND SPORT,10.1080/02701367.2025.2515968,doi,Web of Science (JCR); Scopus (SJR),1.6,Q3,JCR_WoS: atual=Verificação manual necessária esperado=Sim | PubMed_APCN: atual=Sim esperado=Não
429,Eduardo Zapaterra Campos,RESEARCH QUARTERLY FOR EXERCISE AND SPORT,10.1080/02701367.2025.2515968,doi,Web of Science (JCR); Scopus (SJR),1.6,Q3,JCR_WoS: atual=Verificação manual necessária esperado=Sim | PubMed_APCN: atual=Sim esperado=Não
437,Paulo Felipe Ribeiro Bandeira,International Journal of Environmental Research and Public Health,10.3390/ijerph23020221,doi,Web of Science (JCR); Scopus (SJR),,,JCR_WoS: atual=Verificação manual necessária esperado=Sim | PubMed_APCN: atual=Sim esperado=Não
438,Daniel da Rocha Queiroz,JOURNAL OF STRENGTH AND CONDITIONING RESEARCH,10.1519/jsc.0000000000005346,doi,Web of Science (JCR); Scopus (SJR),3.0,Q1,JCR_WoS: atual=Verificação manual necessária esperado=Sim | PubMed_APCN: atual=Sim esperado=Não
444,Leonardo Gomes de Oliveira Luz,RETOS,10.47197/retos.v72.113173,doi,Web of Science (JCR); Scopus (SJR),1.6,Q2,JCR_WoS: atual=Não esperado=Sim
447,Vilde Gomes de Menezes,OBSERVATORIO DE LA ECONOMÍA LATINOAMERICANA,10.55905/oelv23n4-058,doi,,,,Google_Scholar: atual=Verificação manual necessária esperado=Não
456,Lucas Eduardo Rodrigues dos Santos,Retos-Nuevas Tendencias En Educacion Fisica Deporte Y Recreacion,,titulo_exato,Web of Science (JCR); Scopus (SJR),1.6,Q2,JCR_WoS: atual=Não esperado=Sim | SJR_Scopus: atual=Não esperado=Sim | Google_Scholar: atual=Verificação manual necessária esperado=Não | Pontuacao_APCN: atual= esperado=90
459,Tony Meireles dos Santos,RETOS,10.47197/retos.v72.113173,doi,Web of Science (JCR); Scopus (SJR),1.6,Q2,JCR_WoS: atual=Não esperado=Sim
460,Pedro Pinheiro Paes Neto,RESEARCH QUARTERLY FOR EXERCISE AND SPORT,10.1080/02701367.2025.2515968,doi,Web of Science (JCR); Scopus (SJR),1.6,Q3,JCR_WoS: atual=Verificação manual necessária esperado=Sim | PubMed_APCN: atual=Sim esperado=Não
463,Daniel da Rocha Queiroz,CUADERNOS DE EDUCACIÓN Y DESARROLLO,10.55905/cuadv17n4-164,doi,,,,Google_Scholar: atual=Verificação manual necessária esperado=Não
464,Clarice Maria de Lucena Martins,International Journal of Environmental Research and Public Health,10.3390/ijerph23020221,doi,Web of Science (JCR); Scopus (SJR),,,JCR_WoS: atual=Verificação manual necessária esperado=Sim | PubMed_APCN: atual=Sim esperado=Não
466,Paulo Felipe Ribeiro Bandeira,SPORT SCIENCES FOR HEALTH (TESTO STAMPATO),10.1007/s11332-024-01295-5,doi,Web of Science (JCR); Scopus (SJR),1.3,Q3,JCR_WoS: atual=Não esperado=Sim
475,André dos Santos Costa,Frontiers In Sports And Active Living,10.3389/fspor.2025.1724991,doi,Web of Science (JCR); Scopus (SJR),2.6,Q2,JCR_WoS: atual=Não esperado=Sim
479,Daniel da Rocha Queiroz,CUADERNOS DE EDUCACIÓN Y DESARROLLO,10.55905/cuadv17n4-164,doi,,,,Google_Scholar: atual=Verificação manual necessária esperado=Não
489,Daniel da Rocha Queiroz,CUADERNOS DE EDUCACIÓN Y DESARROLLO,10.55905/cuadv17n4-164,doi,,,,Google_Scholar: atual=Verificação manual necessária esperado=Não
494,Lucas Eduardo Rodrigues dos Santos,International Journal of Environmental Research and Public Health,10.3390/ijerph23020221,doi,Web of Science (JCR); Scopus (SJR),,,JCR_WoS: atual=Verificação manual necessária esperado=Sim | PubMed_APCN: atual=Sim esperado=Não
495,Tony Meireles dos Santos,International Journal of Environmental Research and Public Health,10.3390/ijerph23020221,doi,Web of Science (JCR); Scopus (SJR),,,JCR_WoS: atual=Verificação manual necessária esperado=Sim | PubMed_APCN: atual=Sim esperado=Não
499,Saulo Fernandes Melo de Oliveira,INTERNATIONAL JOURNAL OF SPORTS MEDICINE,10.1055/a-2674-4030,doi,Web of Science (JCR); Scopus (SJR),2.2,Q2,JCR_WoS: atual=Verificação manual necessária esperado=Sim | PubMed_APCN: atual=Sim esperado=Não
514,Vilde Gomes de Menezes,OBSERVATORIO DE LA ECONOMÍA LATINOAMERICANA,10.55905/oelv23n4-058,doi,,,,Google_Scholar: atual=Verificação manual necessária esperado=Não
515,Vilde Gomes de Menezes,LECTURAS EDUCACIÓN FÍSICA Y DEPORTES,10.46642/efd.v30i324.7472,doi,,,,Google_Scholar: atual=Verificação manual necessária esperado=Não
516,Vilde Gomes de Menezes,EDUCAÇÃO EM FOCO (JUIZ DE FORA),,titulo_exato,,,,Google_Scholar: atual=Verificação manual necessária esperado=Não
520,André dos Santos Costa,THE JOURNAL OF SPORTS MEDICINE AND PHYSICAL FITNESS,10.23736/S0022-4707.25.16698-X,doi,Web of Science (JCR); Scopus (SJR),,,JCR_WoS: atual=Verificação manual necessária esperado=Sim | PubMed_APCN: atual=Sim esperado=Não
526,Rafael dos Santos Henrique,Journal Of Public Health-Heidelberg,10.1007/s10389-025-02533-x,doi,Web of Science (JCR); Scopus (SJR),1.6,Q3,JCR_WoS: atual=Não esperado=Sim
529,Pedro Pinheiro Paes Neto,RETOS,10.47197/retos.v72.113173,doi,Web of Science (JCR); Scopus (SJR),1.6,Q2,JCR_WoS: atual=Não esperado=Sim
532,Lucas Eduardo Rodrigues dos Santos,INTERNATIONAL JOURNAL OF SPORT AND EXERCISE PSYCHOLOGY,10.1080/1612197x.2024.2446329,doi,Web of Science (JCR); Scopus (SJR),2.3,Q2,JCR_WoS: atual=Verificação manual necessária esperado=Sim
533,Tony Meireles dos Santos,INTERNATIONAL JOURNAL OF SPORT AND EXERCISE PSYCHOLOGY,10.1080/1612197x.2024.2446329,doi,Web of Science (JCR); Scopus (SJR),2.3,Q2,JCR_WoS: atual=Verificação manual necessária esperado=Sim
537,Paulo Felipe Ribeiro Bandeira,International Journal of Environmental Research and Public Health,10.3390/ijerph23020221,doi,Web of Science (JCR); Scopus (SJR),,,JCR_WoS: atual=Verificação manual necessária esperado=Sim | PubMed_APCN: atual=Sim esperado=Não
